date,all_adv,all_dec,all_unch,all_nh,all_nl,all_nhl_n,all_ma20,all_ma50,all_ma200,all_upvol,all_dnvol,all_amt,all_turnover,kospi_adv,kospi_dec,kospi_unch,kospi_nh,kospi_nl,kospi_nhl_n,kospi_ma20,kospi_ma50,kospi_ma200,kospi_upvol,kospi_dnvol,kospi_amt,kospi_turnover,kosdaq_adv,kosdaq_dec,kosdaq_unch,kosdaq_nh,kosdaq_nl,kosdaq_nhl_n,kosdaq_ma20,kosdaq_ma50,kosdaq_ma200,kosdaq_upvol,kosdaq_dnvol,kosdaq_amt,kosdaq_turnover,top10_share,penny_share,top50_penny,cap_up,cap_down,kospi_close,kosdaq_close,vkospi,usdkrw,putcall,ew_close,ew_mom
2025-02-04,1903,493,135,0,0,0,,,,13.8545,3.6899,18.0581,0.7908,682,202,48,0,0,0,,,,8.3153,2.445,10.8263,0.5397,1221,291,87,0,0,0,,,,5.5392,1.2449,7.2317,2.6052,31.2915,1.642,0,5,1,2481.69,719.92,20.91,1459.05,1.262,10399.0,-1.1837
2025-02-05,1650,733,150,0,0,0,,,,12.8111,3.2888,16.8583,0.7281,579,297,56,0,0,0,,,,6.658,2.4185,9.7657,0.4802,1071,436,94,0,0,0,,,,6.1532,0.8702,7.0926,2.5167,34.0836,1.8143,1,2,1,2509.27,730.98,20.06,1450.16,0.972,10480.0,-0.3948
2025-02-06,1454,889,191,0,0,0,,,,14.9146,3.7929,18.8934,0.8072,589,275,69,0,0,0,,,,9.1813,2.3121,11.5806,0.5633,865,614,122,0,0,0,,,,5.7333,1.4808,7.3128,2.57,30.4091,1.5487,0,5,0,2536.75,740.32,19.12,1443.89,0.943,10616.0,0.9167
2025-02-07,851,1512,171,0,0,0,,,,10.7419,8.1777,18.9995,0.8152,283,591,59,0,0,0,,,,3.7193,6.2343,9.978,0.4881,568,921,112,0,0,0,,,,7.0226,1.9434,9.0215,3.1527,27.2435,1.4612,1,5,0,2521.92,742.9,19.29,1442.15,1.096,10549.0,0.3096
2025-02-10,1281,1066,187,0,0,0,,,,11.8931,7.5705,19.9605,0.8551,412,445,76,0,0,0,,,,4.7436,5.4515,10.388,0.508,869,621,111,0,0,0,,,,7.1495,2.119,9.5725,3.3091,25.8187,0.9131,0,8,1,2521.27,749.67,19.95,1450.62,0.824,10524.0,0.0947
2025-02-11,1169,1216,197,0,0,0,,,,14.7771,5.5463,20.847,0.8545,463,402,67,0,0,0,,,,8.4612,2.1537,10.9106,0.5301,706,814,130,0,0,0,,,,6.3159,3.3926,9.9365,2.6028,29.3362,1.4363,1,6,2,2539.05,749.59,19.28,1453.21,0.785,10612.0,0.9505
2025-02-12,825,1582,175,0,0,0,,,,13.505,7.4689,22.3414,0.9132,328,542,62,0,0,0,,,,9.8672,3.7753,13.7354,0.6646,497,1040,113,0,0,0,,,,3.6378,3.6935,8.606,2.2659,35.4971,1.2592,1,6,0,2548.39,745.18,18.8,1450.75,0.942,10693.0,1.7416
2025-02-13,1431,965,187,0,0,0,,,,17.0104,5.9742,25.0089,1.0095,563,305,64,0,0,0,,,,11.9263,3.5504,16.8013,0.8019,868,660,123,0,0,0,,,,5.0841,2.4238,8.2076,2.1476,28.4528,1.0705,0,4,0,2583.17,749.28,18.03,1452.12,0.865,10838.0,3.1046
2025-02-14,1222,1160,202,0,0,0,,,,15.3904,7.5505,23.5667,0.9478,489,360,83,0,0,0,,,,8.6373,4.8382,13.6172,0.6483,733,800,119,0,0,0,,,,6.7531,2.7123,9.9495,2.5786,30.1429,0.807,0,2,2,2591.05,756.32,17.7,1438.74,0.679,10902.0,3.6106
2025-02-17,1663,752,170,0,0,0,,,,14.3474,3.9348,20.2337,0.8065,608,262,62,0,0,0,,,,7.0248,2.3909,10.8931,0.5148,1055,490,108,0,0,0,,,,7.3226,1.5439,9.3406,2.3779,24.409,0.6914,0,4,2,2610.42,768.48,18.06,1432.6,0.956,10988.0,4.3576
2025-02-18,1333,1053,199,0,0,0,,,,17.1299,5.4105,22.7827,0.9014,469,391,72,0,0,0,,,,9.2526,3.1774,12.5574,0.5889,864,662,127,0,0,0,,,,7.8774,2.2331,10.2254,2.5873,27.2121,0.9278,0,6,0,2626.81,773.65,17.88,1441.29,0.674,11104.0,5.3862
2025-02-19,1502,916,167,0,0,0,,,,17.5066,7.4525,25.4181,0.9899,569,296,67,0,0,0,,,,10.6225,3.6192,14.6483,0.675,933,620,100,0,0,0,,,,6.8841,3.8332,10.7698,2.7095,26.4559,0.6606,0,5,0,2671.52,778.27,18.49,1440.08,0.624,11254.0,6.7176
2025-02-20,1003,1406,176,0,0,0,,,,9.9231,13.2447,24.5716,0.964,444,408,80,0,0,0,,,,5.9041,8.1047,14.3116,0.6638,559,998,96,0,0,0,,,,4.0189,5.14,10.26,2.6119,26.8764,0.8921,0,10,0,2654.06,768.27,18.64,1439.98,0.744,11196.0,6.1003
2025-02-21,1299,1090,197,0,0,0,,,,11.9605,7.0804,19.4094,0.7605,497,370,65,0,0,0,,,,6.4,4.6598,11.3072,0.5243,802,720,132,0,0,0,,,,5.5605,2.4206,8.1022,2.0478,26.1052,1.2135,0,4,0,2654.58,774.65,18.64,1431.7,0.85,11254.0,6.5866
2025-02-24,1140,1270,176,0,0,0,,,,8.7725,8.4976,18.6087,0.7312,442,414,76,0,0,0,,,,4.9031,5.5916,10.5988,0.4932,698,856,100,0,0,0,,,,3.8694,2.906,8.0098,2.0219,26.706,1.1994,1,5,0,2645.27,773.33,19.48,1434.29,0.807,11182.0,5.8469
2025-02-25,901,1509,176,0,0,0,,,,9.0871,8.8016,18.7613,0.7406,353,520,59,0,0,0,,,,5.0461,5.2921,10.423,0.4885,548,989,117,0,0,0,,,,4.0411,3.5095,8.3383,2.0874,28.2483,0.9178,0,3,0,2630.29,769.43,19.6,1428.65,0.826,11133.0,5.3302
2025-02-26,1338,1037,212,0,0,0,,,,11.3052,6.9224,18.9547,0.7456,539,328,65,0,0,0,,,,6.7788,4.1869,11.1176,0.5191,799,709,147,0,0,0,,,,4.5265,2.7354,7.8371,1.9568,24.3291,0.6213,0,5,0,2641.09,771.41,19.93,1429.5,0.836,11221.0,6.1173
2025-02-27,792,1629,166,0,0,0,,,,8.5324,9.2607,18.0416,0.7141,313,560,59,0,0,0,,,,4.1613,6.4066,10.6932,0.5029,479,1069,107,0,0,0,,,,4.3711,2.8541,7.3484,1.8363,25.1992,0.8133,0,5,0,2621.75,770.85,19.32,1434.42,0.851,11211.0,5.9784
2025-02-28,320,2181,86,0,0,0,,,,4.1204,18.6665,23.0218,0.9416,92,821,19,0,0,0,,,,1.8706,13.4617,15.405,0.7485,228,1360,67,0,0,0,,,,2.2498,5.2049,7.6168,1.9682,24.5393,0.7336,0,4,0,2532.78,743.96,22.86,1449.86,1.512,10877.0,2.8061
2025-03-04,744,1716,127,0,0,0,,,,9.834,7.5245,18.5613,0.7627,303,583,45,0,0,0,,,,7.0465,4.8955,13.0922,0.6387,441,1133,82,0,0,0,,,,2.7875,2.629,5.4692,1.4242,32.1126,0.96,0,5,0,2528.92,737.9,23.47,1457.9301,1.067,10804.0,2.1117
2025-03-05,1848,600,139,0,0,0,,,,14.2909,4.6902,19.3568,0.7849,701,178,52,0,0,0,,,,9.2323,3.3503,12.9056,0.6213,1147,422,87,0,0,0,,,,5.0587,1.3398,6.4512,1.6588,29.4215,0.7835,0,5,0,2558.13,746.95,22.17,1452.85,1.072,11027.0,4.1927
2025-03-06,1009,1390,188,0,0,0,,,,9.8901,7.7814,18.395,0.7435,476,387,68,0,0,0,,,,6.7615,4.2826,11.1851,0.5349,533,1003,120,0,0,0,,,,3.1286,3.4987,7.21,1.883,22.8944,1.7081,1,4,0,2576.16,734.92,21.27,1443.03,0.914,11086.0,4.7229
2025-03-07,821,1604,162,0,0,0,,,,9.0133,8.7558,18.9883,0.772,343,534,54,0,0,0,,,,6.3589,5.0059,12.0553,0.5798,478,1070,108,0,0,0,,,,2.6545,3.7499,6.933,1.8223,28.2084,1.2726,1,1,1,2563.48,727.7,21.97,1446.5,1.023,11109.0,4.9164
2025-03-10,1044,1354,191,0,0,0,,,,8.5733,6.1448,15.6359,0.6346,399,462,70,0,0,0,,,,5.109,3.849,9.7936,0.4699,645,892,121,0,0,0,,,,3.4642,2.2958,5.8422,1.5393,25.8071,0.906,0,5,0,2570.39,725.82,22.13,1446.26,1.013,11137.0,5.1571
2025-03-11,619,1841,129,0,0,0,,,,6.0124,12.0659,18.4597,0.757,176,720,35,0,0,0,,,,1.8065,9.4131,11.2664,0.5471,443,1121,94,0,0,0,,,,4.2059,2.6527,7.1933,1.8975,31.9494,0.7479,0,5,0,2537.6,721.5,24.08,1457.03,1.002,10955.0,3.4268
2025-03-12,1549,857,183,0,0,0,,,,12.3683,5.8019,18.5189,0.7489,502,347,82,0,0,0,,,,7.8905,3.9214,12.0124,0.5749,1047,510,101,0,0,0,,,,4.4778,1.8806,6.5065,1.6962,30.7881,0.5762,0,6,0,2574.82,729.49,23.08,1451.02,0.901,11007.0,3.8985
2025-03-13,827,1593,169,0,0,0,,,,11.1484,8.9783,20.2842,0.8216,326,531,74,0,0,0,,,,7.3212,5.576,12.9385,0.6195,501,1062,95,0,0,0,,,,3.8272,3.4023,7.3456,1.9306,24.8363,0.626,0,2,0,2573.64,722.8,23.11,1448.75,1.041,11032.0,4.1147
2025-03-14,1582,801,206,0,0,0,,,,9.9537,4.9923,16.38,0.664,499,351,81,0,0,0,,,,4.7098,3.8094,9.9169,0.4763,1083,450,125,0,0,0,,,,5.2438,1.1829,6.4631,1.6803,27.3112,0.8167,0,1,1,2566.36,734.26,22.0,1453.23,0.972,11032.0,4.0931
2025-03-17,1346,1083,161,0,0,0,,,,14.6694,3.843,18.9099,0.754,521,350,61,0,0,0,,,,9.1935,2.2731,11.8239,0.558,825,733,100,0,0,0,,,,5.4758,1.5699,7.0861,1.8212,34.2262,0.8192,0,4,4,2610.69,743.51,20.85,1449.05,0.775,11109.0,4.7959
2025-03-18,1134,1260,197,0,0,0,,,,11.5833,5.1702,18.6792,0.7434,426,424,83,0,0,0,,,,6.7913,3.275,11.9132,0.5617,708,836,114,0,0,0,,,,4.792,1.8953,6.766,1.7266,35.1792,0.5936,0,6,0,2612.34,745.54,20.41,1442.49,1.151,11142.0,5.0578
2025-03-19,1157,1223,211,0,0,0,,,,11.7598,6.5201,18.4927,0.7332,500,361,72,0,0,0,,,,8.4041,3.1723,11.6714,0.5469,657,862,139,0,0,0,,,,3.3557,3.3478,6.8213,1.7576,30.1404,0.6871,0,4,0,2628.62,738.35,20.33,1448.9399,0.727,11206.0,5.6013
2025-03-20,753,1658,180,0,0,0,,,,8.9729,9.195,19.8294,0.7861,325,537,71,0,0,0,,,,6.4266,5.0481,11.7905,0.5506,428,1121,109,0,0,0,,,,2.5463,4.1469,8.0389,2.109,35.6215,0.6295,0,4,0,2637.1,725.15,19.6,1443.39,0.77,11182.0,5.3079
2025-03-21,849,1572,169,0,0,0,,,,11.3126,9.7816,21.5799,0.8555,309,556,67,0,0,0,,,,7.8599,6.1093,14.1149,0.658,540,1016,102,0,0,0,,,,3.4527,3.6722,7.4651,1.9787,36.7745,0.5558,0,4,6,2643.13,719.41,19.66,1465.8199,0.925,11133.0,4.7831
2025-03-24,1108,1279,202,0,0,0,,,,6.6694,4.8486,11.9996,0.4776,395,455,82,0,0,0,,,,3.2995,3.3622,6.8274,0.3196,713,824,120,0,0,0,,,,3.37,1.4864,5.1723,1.3732,28.0532,1.4103,1,3,2,2632.07,720.22,19.68,1464.78,0.915,11081.0,4.239
2025-03-25,773,1660,157,0,0,0,,,,5.9366,7.8201,13.8994,0.5572,299,567,66,0,0,0,,,,2.9476,5.0113,8.0282,0.3783,474,1093,91,0,0,0,,,,2.989,2.8088,5.8711,1.5783,26.4235,0.9974,0,4,0,2615.81,711.26,19.64,1466.27,0.789,11003.0,3.4504
2025-03-26,1337,1055,198,0,0,0,,,,8.916,3.5757,12.828,0.5089,451,407,74,0,0,0,,,,5.3087,2.0677,7.4874,0.3489,886,648,124,0,0,0,,,,3.6073,1.508,5.3406,1.4252,27.046,2.0753,2,13,2,2643.94,716.48,19.67,1462.09,0.825,11086.0,4.1773
2025-03-27,698,1741,151,0,0,0,,,,5.9148,7.1029,13.1263,0.5279,275,599,58,0,0,0,,,,2.5112,4.953,7.5498,0.3567,423,1142,93,0,0,0,,,,3.4037,2.1499,5.5765,1.5075,28.897,1.3048,0,6,0,2607.15,707.49,20.44,1465.6801,1.065,10940.0,2.7774
2025-03-28,458,1995,137,0,0,0,,,,3.7643,8.23,12.2431,0.5016,166,716,50,0,0,0,,,,1.4334,5.5165,7.0534,0.3397,292,1279,87,0,0,0,,,,2.3309,2.7135,5.1897,1.424,26.5241,1.2846,0,5,0,2557.98,693.76,21.18,1461.89,0.971,10794.0,1.4007
2025-03-31,275,2212,104,0,0,0,,,,3.4522,9.4996,13.0697,0.5522,83,814,35,0,0,0,,,,1.2216,6.8207,8.1083,0.4028,192,1398,69,0,0,0,,,,2.2305,2.6788,4.9614,1.4024,27.232,1.1617,0,5,1,2481.12,672.85,25.35,1471.96,1.288,10509.0,-1.2571
2025-04-01,2069,399,122,0,0,0,,,,10.1957,1.901,12.2238,0.508,702,179,51,0,0,0,,,,5.5819,1.1885,6.8115,0.3332,1367,220,71,0,0,0,,,,4.6139,0.7125,5.4123,1.4948,23.5895,1.7938,0,15,0,2521.39,691.45,24.21,1469.97,0.713,10635.0,-0.0652
2025-04-02,745,1673,172,0,0,0,,,,6.9749,5.5292,13.5972,0.5689,271,587,74,0,0,0,,,,2.7256,3.3893,7.188,0.3538,474,1086,98,0,0,0,,,,4.2493,2.1399,6.4092,1.7879,27.0937,1.1267,0,6,0,2505.86,684.85,24.5,1466.04,1.074,10568.0,-0.6735
2025-04-03,822,1586,182,0,0,0,,,,5.816,7.6092,13.8438,0.5833,273,596,63,0,0,0,,,,2.8537,5.2487,8.2121,0.4074,549,990,119,0,0,0,,,,2.9623,2.3605,5.6317,1.5734,29.7237,1.5283,0,7,1,2486.7,683.49,26.09,1450.6801,0.66,10423.0,-2.0017
2025-04-04,1516,918,157,0,0,0,,,,6.9709,11.066,18.1329,0.7688,552,324,56,0,0,0,,,,3.4906,7.0837,10.6236,0.5315,964,594,101,0,0,0,,,,3.4803,3.9823,7.5093,2.0858,31.3344,1.6573,0,16,1,2465.42,687.39,26.8,,0.938,10514.0,-1.1058
2025-04-07,249,2274,68,0,0,0,,,,4.2474,12.1986,16.5499,0.7427,67,849,16,0,0,0,,,,1.1546,9.171,10.3393,0.5479,182,1425,52,0,0,0,,,,3.0928,3.0276,6.2105,1.8196,28.5305,1.9262,1,16,0,2328.2,651.3,44.23,1469.95,0.849,9971.0,-6.134
2025-04-08,1558,868,164,0,0,0,,,,10.418,4.4204,15.0646,0.6731,537,337,58,0,0,0,,,,6.0152,2.8753,9.0212,0.4766,1021,531,106,0,0,0,,,,4.4028,1.545,6.0434,1.7501,28.0837,1.4181,0,15,0,2334.23,658.45,37.83,1486.13,0.944,9956.0,-6.2019
2025-04-09,433,2040,117,0,0,0,,,,4.7806,10.0719,14.9416,0.6797,144,747,41,0,0,0,,,,2.0178,7.3614,9.4301,0.5068,289,1293,76,0,0,0,,,,2.7628,2.7105,5.5115,1.6329,29.9093,1.7265,1,10,0,2293.7,643.39,40.97,1443.95,0.979,9684.0,-8.6861
2025-04-10,2387,127,76,0,0,0,,,,16.2986,0.7341,17.0843,0.7298,860,46,26,0,0,0,,,,10.8111,0.192,11.0284,0.556,1527,81,50,0,0,0,,,,5.4876,0.5421,6.0559,1.6934,29.8999,1.3219,0,17,0,2445.06,681.79,28.2,1452.04,0.79,10216.0,-3.6293
2025-04-11,1712,717,161,0,0,0,,,,8.7352,5.4518,14.2711,0.6104,528,337,67,0,0,0,,,,3.6984,3.8925,7.6525,0.3879,1184,380,94,0,0,0,,,,5.0367,1.5593,6.6186,1.8126,24.0859,1.2529,0,15,0,2432.72,695.59,31.47,,0.975,10317.0,-2.6294
2025-04-14,1863,570,157,0,0,0,,,,10.0357,2.9446,13.2363,0.5599,625,251,56,0,0,0,,,,4.5248,1.9391,6.5999,0.3314,1238,319,101,0,0,0,,,,5.5109,1.0055,6.6364,1.7821,23.0928,2.3278,0,13,1,2455.89,708.98,28.32,1419.42,1.086,10419.0,-1.6316
2025-04-15,1777,633,180,0,0,0,,,,9.5117,3.5051,13.2488,0.5559,693,179,60,0,0,0,,,,4.9061,1.3524,6.4391,0.3205,1084,454,120,0,0,0,,,,4.6056,2.1527,6.8097,1.8203,19.9259,1.3533,0,8,2,2477.41,711.92,24.48,1427.02,1.262,10529.0,-0.5618
2025-04-16,715,1692,183,0,0,0,,,,6.1193,6.964,13.2722,0.5644,297,565,70,0,0,0,,,,2.4009,4.0408,6.611,0.3332,418,1127,113,0,0,0,,,,3.7184,2.9231,6.6612,1.8141,23.5696,1.4129,0,12,2,2447.43,699.11,26.62,1414.23,0.95,10457.0,-1.209
2025-04-17,1788,606,196,0,0,0,,,,10.3378,2.1208,12.7425,0.5362,627,223,82,0,0,0,,,,5.1592,1.1094,6.4964,0.3244,1161,383,114,0,0,0,,,,5.1786,1.0114,6.2462,1.6709,23.7583,1.7771,0,9,1,2470.41,711.75,24.59,,0.956,10583.0,0.0105
2025-04-18,1557,837,196,0,0,0,,,,8.6564,3.6924,12.6739,0.5302,612,243,77,0,0,0,,,,3.7076,1.5651,5.5716,0.2767,945,594,119,0,0,0,,,,4.9488,2.1273,7.1023,1.884,21.8731,2.9218,1,12,1,2483.42,717.77,23.66,,0.929,10612.0,0.3102
2025-04-21,1172,1208,210,0,0,0,,,,6.9735,4.1313,11.3811,0.4757,494,365,73,0,0,0,,,,3.2544,1.7236,5.1439,0.255,678,843,137,0,0,0,,,,3.7191,2.4077,6.2372,1.6602,19.5329,2.445,1,14,1,2488.42,715.45,25.08,1421.64,1.067,10630.0,0.5006
2025-04-22,1107,1291,192,0,0,0,,,,6.9817,5.8609,13.1269,0.5488,450,412,70,0,0,0,,,,2.9532,2.8654,6.0415,0.2998,657,879,122,0,0,0,,,,4.0285,2.9955,7.0854,1.8827,21.0154,2.8779,2,14,0,2486.64,716.12,24.85,1429.22,1.107,10649.0,0.6999
2025-04-23,1661,742,187,0,0,0,,,,9.982,3.9706,14.1216,0.5815,618,248,66,0,0,0,,,,5.9187,1.6939,7.6548,0.3739,1043,494,121,0,0,0,,,,4.0633,2.2767,6.4668,1.6952,22.8614,1.7507,0,9,1,2525.56,726.08,22.74,1426.45,1.173,10823.0,2.3472
2025-04-24,1066,1320,204,0,0,0,,,,6.0162,5.6562,12.8212,0.5285,397,448,87,0,0,0,,,,3.1627,3.1535,6.9882,0.3418,669,872,117,0,0,0,,,,2.8534,2.5027,5.833,1.5288,23.1027,2.7493,2,9,1,2522.33,726.08,22.79,1430.0601,1.191,10848.0,2.5878
2025-04-25,1609,789,192,0,0,0,,,,9.3134,3.8325,14.1626,0.5787,636,234,62,0,0,0,,,,5.7089,2.0349,8.6467,0.4189,973,555,130,0,0,0,,,,3.6044,1.7976,5.5159,1.4391,29.1307,2.4405,1,10,0,2546.3,729.69,21.43,,1.011,10988.0,3.8962
2025-04-28,776,1643,171,0,0,0,,,,7.4511,5.8779,13.626,0.5576,359,513,60,0,0,0,,,,4.4213,3.1875,7.6515,0.3704,417,1130,111,0,0,0,,,,3.0297,2.6904,5.9745,1.5821,23.8474,2.9418,1,13,2,2548.86,719.41,21.23,1435.88,0.911,11003.0,4.0236
2025-04-29,1666,757,168,0,0,0,,,,8.1843,5.5351,14.5243,0.5903,648,233,51,0,0,0,,,,4.4782,3.8726,9.0307,0.4343,1018,524,117,0,0,0,,,,3.7061,1.6625,5.4936,1.4405,27.8161,3.6473,2,12,1,2565.42,726.46,20.7,1431.16,0.827,11063.0,4.5727
2025-04-30,747,1682,163,0,0,0,,,,6.6592,6.6251,13.7744,0.5626,343,536,53,0,0,0,,,,3.6132,4.2887,8.3556,0.4033,404,1146,110,0,0,0,,,,3.046,2.3363,5.4188,1.44,25.1993,1.6221,0,6,2,2556.61,717.24,20.74,1423.75,0.97,11053.0,4.4536
2025-05-02,1107,1288,197,0,0,0,,,,7.4357,5.2371,12.781,0.5213,408,448,76,0,0,0,,,,4.3697,3.7658,8.2054,0.3958,699,840,121,0,0,0,,,,3.0659,1.4714,4.5756,1.2088,27.9531,2.1995,1,7,0,2559.79,721.86,20.93,,0.954,11126.0,5.1217
2025-05-07,1363,1051,178,0,0,0,73.3205,,,10.1398,3.861,14.4636,0.587,451,410,71,0,0,0,79.0773,,,6.1732,2.3722,8.8354,0.4238,912,641,107,0,0,0,70.0844,,,3.9666,1.4888,5.6282,1.4845,26.3537,2.4262,1,10,1,2573.8,722.81,21.01,1397.29,0.891,11171.0,5.5203
2025-05-08,1512,876,204,0,0,0,73.2046,,,9.5388,5.1995,16.3728,0.6623,526,332,74,0,0,0,78.7554,,,5.2262,3.7379,10.1412,0.4854,986,544,130,0,0,0,70.0844,,,4.3126,1.4616,6.2315,1.6275,29.9213,2.1981,1,6,0,2579.48,729.59,19.76,1403.85,0.735,11275.0,6.466
2025-05-09,849,1565,179,0,0,0,65.6757,,,7.6328,5.9121,15.2963,0.6198,346,529,57,0,0,0,71.8884,,,4.5992,3.2365,7.8964,0.3781,503,1036,122,0,0,0,62.1834,,,3.0336,2.6755,7.3999,1.9498,27.4819,2.7757,2,7,1,2577.27,722.52,19.48,,0.912,11236.0,6.062
2025-05-12,1706,740,149,0,0,0,68.6486,,,9.0002,5.4862,15.2237,0.6102,650,234,48,0,0,0,75.1073,,,5.1449,3.1837,8.3758,0.3963,1056,506,101,0,0,0,65.0181,,,3.8553,2.3025,6.848,1.7959,23.8533,1.7702,0,15,2,2607.33,725.4,19.2,1416.03,0.81,11329.0,6.889
2025-05-13,1258,1124,214,0,0,0,66.332,,,9.2434,5.9759,15.5928,0.6241,443,413,76,0,0,0,72.103,,,4.3662,4.0069,8.6128,0.4074,815,711,138,0,0,0,63.0881,,,4.8771,1.969,6.98,1.8157,23.1351,2.7842,2,8,0,2608.42,731.88,17.86,1416.0,0.89,11374.0,7.2663
2025-05-14,1577,835,184,0,0,0,68.7645,,,11.9383,4.0366,16.2134,0.6412,580,289,63,0,0,0,73.176,,,7.1592,1.4971,8.8391,0.413,997,546,121,0,0,0,66.2847,,,4.779,2.5395,7.3742,1.899,25.1959,1.1279,0,12,0,2640.57,739.05,17.86,1407.33,0.629,11532.0,8.699
2025-05-15,778,1658,160,0,0,0,61.1969,,,7.202,7.4583,14.9069,0.5939,289,585,58,0,0,0,68.0258,,,2.4753,4.6101,7.1478,0.3365,489,1073,102,0,0,0,57.3583,,,4.7267,2.8482,7.7591,2.012,25.9223,0.9986,0,9,0,2621.36,733.23,18.29,1397.02,0.888,11492.0,8.2639
2025-05-16,745,1714,138,0,0,0,50.0386,,,9.2495,5.8701,15.3349,0.611,311,568,53,0,0,0,59.2275,,,5.2731,2.5879,7.9884,0.3753,434,1146,85,0,0,0,44.8733,,,3.9765,3.2822,7.3465,1.9267,25.5373,1.0508,0,5,0,2626.87,725.07,18.13,,0.775,11487.0,8.1564
2025-05-19,645,1809,144,0,0,0,40.8108,,,5.1081,6.8491,13.641,0.5489,234,634,64,0,0,0,49.0343,,,2.3427,4.2117,6.6649,0.316,411,1175,80,0,0,0,36.1882,,,2.7654,2.6374,6.9761,1.8556,29.6329,1.208,0,6,1,2603.42,713.75,19.69,1388.55,1.094,11354.0,6.8526
2025-05-20,1444,980,175,0,0,0,42.8958,,,8.5244,5.1234,14.3961,0.5794,542,330,60,0,0,0,50.5365,,,4.5556,2.9562,7.592,0.3603,902,650,115,0,0,0,38.6007,,,3.9688,2.1672,6.8041,1.8021,25.5307,2.2038,2,4,1,2601.8,715.55,19.18,1392.73,0.983,11374.0,6.9751
2025-05-21,1471,930,199,0,0,0,46.3707,,,9.5763,3.8781,13.7506,0.5484,524,333,75,0,0,0,52.6824,,,4.7511,2.4403,7.3848,0.3474,947,597,124,0,0,0,42.8227,,,4.8252,1.4378,6.3658,1.6681,25.4458,1.6089,1,5,0,2625.58,723.62,19.48,1373.86,0.656,11438.0,7.4918
2025-05-22,724,1717,159,0,0,0,41.7761,,,4.6861,8.9975,14.6189,0.5896,255,618,59,0,0,0,49.8927,,,1.4996,6.4516,8.8392,0.4207,469,1099,100,0,0,0,37.2135,,,3.1866,2.5459,5.7798,1.5269,28.0927,0.9849,0,9,1,2593.67,717.67,19.95,1381.34,1.013,11324.0,6.3264
2025-05-23,1063,1379,159,0,0,0,41.1969,,,7.5571,6.2074,14.3824,0.5807,488,390,55,0,0,0,51.2876,,,4.6191,4.015,8.6744,0.4133,575,989,104,0,0,0,35.5247,,,2.938,2.1924,5.708,1.5093,28.7949,1.3144,0,3,0,2592.09,715.98,19.59,,0.804,11374.0,6.6987
2025-05-26,1536,882,184,0,0,0,45.1351,,,11.4824,1.9002,13.6852,0.5424,623,256,54,0,0,0,56.6524,,,7.3248,0.8977,8.2994,0.3878,913,626,130,0,0,0,38.661,,,4.1576,1.0026,5.3858,1.4066,23.369,0.9938,0,3,0,2644.4,725.27,19.63,1368.1,0.676,11557.0,8.2943
2025-05-27,925,1497,180,0,0,0,43.7066,,,8.3124,5.2307,13.9399,0.5535,351,509,73,0,0,0,55.3648,,,4.0113,3.6764,7.8934,0.3698,574,988,107,0,0,0,37.1532,,,4.3012,1.5543,6.0465,1.5731,25.3146,0.9821,0,6,0,2637.22,727.11,20.01,1374.8,0.846,11630.0,8.8593
2025-05-28,1524,901,177,0,0,0,49.0158,,,9.668,7.934,17.7561,0.6972,567,307,59,0,0,0,59.7639,,,6.0062,4.9233,11.0324,0.5104,957,594,118,0,0,0,42.9777,,,3.6618,3.0107,6.7237,1.7456,24.722,1.0811,0,3,0,2670.15,728.79,20.67,1373.6,0.592,11749.0,9.8479
2025-05-29,1821,623,158,0,0,0,56.0957,,,13.2821,2.4839,15.8762,0.6126,736,151,46,0,0,0,69.8498,,,9.4899,1.3484,10.8775,0.4939,1085,472,112,0,0,0,48.3735,,,3.7922,1.1355,4.9988,1.2849,22.498,1.2003,0,9,0,2720.64,736.29,21.97,1370.41,0.595,12055.0,12.5606
2025-05-30,990,1438,174,0,0,0,54.8611,,,9.6058,9.6908,19.9607,0.7761,388,480,65,0,0,0,67.382,,,6.5447,7.5758,14.6874,0.6726,602,958,109,0,0,0,47.8313,,,3.0611,2.115,5.2733,1.3586,27.7249,1.4458,0,5,0,2697.67,734.35,22.55,,0.712,11996.0,11.8642
2025-06-02,1177,1256,169,0,0,0,54.6296,,,8.2856,4.8423,13.7192,0.5325,364,515,54,0,0,0,64.6996,,,4.3947,3.4833,7.9999,0.3661,813,741,115,0,0,0,48.9759,,,3.8909,1.359,5.7193,1.462,23.2021,1.0618,0,3,0,2698.97,740.29,22.71,1376.0699,0.686,11932.0,11.1331
2025-06-04,1972,516,115,0,0,0,66.821,,,15.1649,3.3582,18.7796,0.7116,784,120,29,0,0,0,77.0386,,,10.4355,1.451,12.0506,0.5373,1188,396,86,0,0,0,61.0843,,,4.7294,1.9072,6.729,1.698,24.7734,1.0757,0,8,1,2770.84,750.21,22.03,1361.09,0.706,12327.0,14.6474
2025-06-05,1542,889,172,0,0,0,71.8473,,,14.9578,5.4901,20.6698,0.7724,563,305,65,0,0,0,80.794,,,9.9453,3.1836,13.2192,0.5806,979,584,107,0,0,0,66.8272,,,5.0125,2.3065,7.4505,1.8658,29.011,1.4059,0,6,0,2812.05,756.23,22.49,1354.55,0.564,12435.0,15.4724
2025-06-09,1733,731,139,0,0,0,76.4162,,,16.4323,4.6576,21.326,0.7853,685,201,47,0,0,0,85.515,,,10.7298,2.9204,13.8063,0.5971,1048,530,92,0,0,0,71.3169,,,5.7025,1.7372,7.5198,1.8633,22.8822,1.2851,0,9,0,2855.77,764.21,24.84,1353.85,0.618,12668.0,17.4347
2025-06-10,1173,1269,161,0,0,0,76.6564,,,13.3272,6.9075,20.9991,0.7685,425,451,57,0,0,0,85.7296,,,8.8814,4.8279,13.9779,0.6012,748,818,104,0,0,0,71.5745,,,4.4457,2.0796,7.0212,1.7223,24.3319,0.8617,0,5,0,2871.85,771.2,24.34,1363.88,0.739,12791.0,18.3692
2025-06-11,1659,764,181,0,0,0,80.47,,,15.9777,3.5773,20.1915,0.7289,592,279,62,0,0,0,87.2318,,,9.9204,2.37,12.448,0.5288,1067,485,119,0,0,0,76.6827,,,6.0573,1.2073,7.7435,1.8611,25.9459,0.7424,0,7,0,2907.04,786.29,22.77,1365.6899,0.703,12929.0,19.4126
2025-06-12,1256,1176,173,0,0,0,81.3174,,,15.7856,8.858,24.7775,0.8906,513,365,55,0,0,0,88.0901,,,10.7829,6.357,17.1928,0.7272,743,811,118,0,0,0,77.524,,,5.0027,2.5011,7.5847,1.8162,26.0524,1.2875,0,4,0,2920.03,789.45,22.17,1349.79,0.926,12964.0,19.5004
2025-06-13,383,2123,99,0,0,0,67.6165,,,10.9648,12.2569,25.1462,0.9146,145,753,35,0,0,0,77.6824,,,7.8214,7.6941,17.3796,0.7418,238,1370,64,0,0,0,61.982,,,3.1434,4.5628,7.7665,1.9104,24.5611,1.8145,1,5,1,2894.62,768.86,24.91,,1.344,12865.0,18.3835
2025-06-16,1478,974,153,0,0,0,69.2456,,,16.5168,4.3327,21.3254,0.7628,605,280,48,0,0,0,79.0773,,,11.0489,2.9936,14.3848,0.6033,873,694,105,0,0,0,63.7455,,,5.4679,1.3391,6.9405,1.6873,29.1992,1.3076,1,5,0,2946.66,777.26,24.77,1357.78,1.264,13087.0,20.1813
2025-06-17,945,1473,187,0,0,0,67.0258,,,14.2352,10.1816,24.806,0.8865,316,555,62,0,0,0,76.7167,,,9.7108,7.5427,17.4692,0.7316,629,918,125,0,0,0,61.6077,,,4.5244,2.6389,7.3368,1.7876,33.2062,0.797,0,6,0,2950.3,775.65,25.82,1380.5,0.685,13028.0,19.3853
2025-06-18,1288,1138,180,0,0,0,67.5385,,,14.6292,6.6949,21.5642,0.7652,421,448,64,0,0,0,75.6438,,,9.3799,4.9867,14.5595,0.6052,867,690,116,0,0,0,63.0096,,,5.2493,1.7081,7.0047,1.6992,30.8463,0.8063,0,11,0,2972.19,779.73,25.78,1370.75,0.755,13053.0,19.3526
2025-06-19,1121,1288,197,0,0,0,66.5,,,13.1925,7.1438,21.1854,0.7501,422,436,75,0,0,0,74.1416,,,8.1272,4.7692,13.6456,0.5662,699,852,122,0,0,0,62.2302,,,5.0654,2.3746,7.5398,1.8196,28.5712,0.696,0,6,0,2977.74,782.51,24.69,1374.89,0.936,13147.0,19.9066
2025-06-20,1404,1013,189,0,0,0,70.5498,73.2819,,17.2194,7.7057,25.7894,0.9003,482,381,70,0,0,0,76.6345,81.3305,,12.0571,5.1515,17.9981,0.736,922,632,119,0,0,0,67.1463,68.7575,,5.1622,2.5541,7.7912,1.8593,27.5379,0.8025,0,8,0,3021.84,791.53,23.97,,1.026,13285.0,20.8766
2025-06-23,632,1872,102,0,0,0,55.6111,65.9846,,17.4508,7.7746,25.4587,0.8921,259,639,35,0,0,0,60.0214,74.4635,,12.3669,5.2964,17.861,0.7325,373,1233,67,0,0,0,53.1456,61.2183,,5.0839,2.4782,7.5977,1.8283,33.8304,0.9051,1,5,0,3014.47,784.79,24.76,1361.9399,1.105,13305.0,20.7799
2025-06-24,2022,450,134,0,0,0,69.1007,71.9691,,23.0487,4.0401,27.2862,0.9297,756,134,43,0,0,0,75.2412,80.3648,,16.5178,2.3674,18.9877,0.7563,1266,316,91,0,0,0,65.6681,67.2497,,6.531,1.6727,8.2985,1.9557,31.0939,1.1709,0,11,3,3103.64,800.93,25.76,1353.78,0.79,13655.0,23.6462
2025-06-25,1132,1299,175,0,0,0,68.2936,72.0849,,14.7261,11.2015,26.2914,0.8948,462,411,60,0,0,0,74.7053,80.4721,,11.2772,7.9626,19.3666,0.7699,670,888,115,0,0,0,64.7094,67.3703,,3.4489,3.2389,6.9248,1.638,32.5184,1.4595,1,6,0,3108.25,798.21,25.69,1357.03,0.824,13606.0,22.9113
2025-06-26,503,1979,124,0,0,0,54.6503,66.7181,,9.0693,13.5314,22.9859,0.7901,178,712,43,0,0,0,60.7717,77.1459,,6.5014,10.0455,16.8365,0.6756,325,1267,81,0,0,0,51.2283,60.8565,,2.5679,3.4859,6.1494,1.4737,34.2459,0.8796,0,6,0,3079.56,787.95,25.12,1352.76,0.844,13596.0,22.5311
2025-06-27,646,1820,140,0,0,0,43.1591,61.0039,,9.0425,10.1408,19.351,0.6703,238,652,43,0,0,0,48.9818,72.103,,5.9928,7.7348,13.8151,0.5586,408,1168,97,0,0,0,39.9041,54.7648,,3.0497,2.4059,5.5359,1.3369,32.5146,0.806,0,6,0,3055.94,781.56,24.27,,0.728,13364.0,20.173
2025-06-30,1158,1278,170,0,0,0,41.7371,60.1544,,12.6134,6.6373,19.5054,0.6729,476,394,63,0,0,0,50.3751,72.9614,,8.2222,4.7691,13.2075,0.5316,682,884,107,0,0,0,36.9083,52.9554,,4.3912,1.8682,6.2979,1.5213,34.1398,0.6864,0,6,2,3071.7,781.5,23.99,1348.5,0.835,13532.0,21.4025
2025-07-01,1649,792,165,0,0,0,50.5186,63.8224,,12.4135,7.7592,20.8625,0.7158,700,180,53,0,0,0,66.5595,77.6824,,8.9226,5.3621,14.8845,0.5955,949,612,112,0,0,0,41.5569,56.0314,,3.4909,2.3971,5.9781,1.4395,25.2027,1.1521,1,3,0,3089.65,783.67,23.96,1355.59,0.751,13650.0,22.1588
2025-07-02,1012,1402,192,0,0,0,47.33,62.5097,,9.2402,10.4148,19.9568,0.6874,447,426,60,0,0,0,65.3805,78.4335,,6.2226,8.2026,14.5658,0.5853,565,976,132,0,0,0,37.2455,53.5585,,3.0177,2.2122,5.391,1.3,25.7966,2.1027,1,5,0,3075.06,782.17,23.95,1354.75,0.865,13685.0,22.1516
2025-07-03,1759,697,150,0,0,0,55.9355,68.1081,,13.3953,6.7763,20.3871,0.6926,599,279,55,0,0,0,70.9539,81.3305,,9.2947,5.1453,14.6125,0.5792,1160,418,95,0,0,0,47.5449,60.6755,,4.1007,1.6309,5.7747,1.3725,28.5201,0.9352,0,5,0,3116.27,793.33,23.96,1357.1,0.665,13822.0,23.0568
2025-07-04,492,1972,142,0,0,0,43.5267,63.0502,,4.7753,13.4514,19.1105,0.6623,159,725,49,0,0,0,55.4126,77.2532,,2.7175,10.4959,13.2416,0.5354,333,1247,93,0,0,0,36.8862,55.0663,,2.0579,2.9555,5.8689,1.4245,31.5244,0.9133,0,5,0,3054.28,775.8,25.48,,1.167,13532.0,20.1902
2025-07-07,1027,1406,174,0,0,0,41.8587,61.1969,,9.7031,5.3359,15.7064,0.5437,421,452,60,0,0,0,53.4834,76.3948,,6.5815,3.3641,10.091,0.4076,606,954,114,0,0,0,35.368,52.6538,,3.1216,1.9717,5.6154,1.3588,29.9744,0.9923,0,4,1,3059.47,778.46,24.87,1374.64,0.93,13581.0,20.3295
2025-07-08,1567,847,194,0,0,0,47.1401,63.0502,,14.2964,4.4255,18.8768,0.6429,632,238,63,0,0,0,62.5938,78.2189,,10.3583,3.0446,13.4885,0.5353,935,609,131,0,0,0,38.5167,54.5235,,3.9381,1.3808,5.3883,1.2942,27.7864,1.4214,0,3,0,3114.95,784.24,23.52,1370.3,0.84,13783.0,21.7929
2025-07-09,1655,795,158,0,0,0,54.1267,65.0579,,11.4014,6.2613,18.1044,0.613,687,196,50,0,0,0,71.4898,80.3648,,7.1622,5.1586,12.5611,0.4957,968,599,108,0,0,0,44.4378,56.4536,,4.2393,1.1027,5.5433,1.3209,24.8747,1.3962,0,5,0,3133.74,790.36,21.85,1373.0,0.759,13995.0,23.3216
2025-07-10,1482,931,196,0,0,0,59.5777,67.0656,,15.3899,4.7506,20.6393,0.6885,589,281,63,0,0,0,76.0986,83.0472,,10.6079,3.1806,14.084,0.5471,893,650,133,0,0,0,50.3589,58.082,,4.7819,1.5699,6.5553,1.5474,25.4697,0.7648,0,2,0,3183.23,797.7,21.01,1372.64,0.763,14208.0,24.8281
2025-07-11,1316,1075,219,0,0,0,61.881,68.8923,,10.8029,8.9862,20.2532,0.6764,468,402,64,0,0,0,76.4202,83.7983,,5.5838,7.2865,13.1474,0.5117,848,673,155,0,0,0,53.7679,60.5184,,5.2191,1.6997,7.1059,1.672,27.7741,0.903,0,2,0,3175.77,800.47,21.66,,0.665,14089.0,23.4456
2025-07-14,1163,1272,175,0,0,0,60.5142,67.0525,,10.9569,6.4834,17.5645,0.5826,517,359,58,0,0,0,77.7063,83.0472,,6.9231,4.5414,11.5078,0.4442,646,913,117,0,0,0,50.9265,58.0723,,4.0337,1.942,6.0567,1.4269,23.3358,0.7912,0,5,0,3202.03,799.37,22.56,1382.01,0.783,14257.0,24.5736
2025-07-15,1160,1243,207,0,0,0,61.8573,67.284,,11.8292,6.9229,19.5992,0.6461,359,503,72,0,0,0,76.7417,81.6524,,6.8135,5.2938,12.2167,0.4696,801,740,135,0,0,0,53.5565,59.2169,,5.0156,1.629,7.3824,1.7087,28.6132,0.8141,0,5,0,3215.28,812.88,22.47,1386.45,0.777,14291.0,24.5281
2025-07-16,695,1761,155,0,0,0,55.7943,65.1235,,9.0386,8.6786,18.2148,0.6051,186,695,53,0,0,0,68.3816,78.5408,,4.2141,6.4647,11.124,0.4314,509,1066,102,0,0,0,48.7747,57.5904,,4.8245,2.2139,7.0909,1.6431,27.3082,0.7507,0,4,0,3186.38,812.23,22.27,1384.92,0.872,14045.0,22.0725
2025-07-17,1190,1197,224,0,0,0,57.9816,67.2454,,12.8268,8.1441,21.2968,0.7055,385,463,86,0,0,0,68.3816,79.8283,,8.8466,6.1795,15.2528,0.5903,805,734,138,0,0,0,52.1817,60.1807,,3.9802,1.9646,6.044,1.3901,38.9122,0.783,0,8,0,3192.29,818.27,21.74,1391.58,0.902,14123.0,22.4363
2025-07-18,912,1533,166,0,0,0,55.0269,67.0266,,10.0338,7.3305,17.7894,0.5897,298,583,53,0,0,0,62.701,79.5064,,5.9815,5.5208,11.8371,0.4587,614,950,113,0,0,0,50.7472,60.0241,,4.0524,1.8097,5.9523,1.365,31.0432,1.0181,0,4,0,3188.07,820.67,20.5,,0.694,14020.0,21.2406
2025-07-21,1173,1261,177,0,0,0,54.9885,67.7457,,10.9249,4.7353,15.8381,0.5216,384,483,67,0,0,0,59.5927,80.6867,,7.3831,3.0946,10.6189,0.4084,789,778,110,0,0,0,52.4208,60.4931,,3.5418,1.6408,5.2191,1.1951,27.4729,1.0248,0,6,0,3210.81,821.69,20.4,1381.8199,0.868,14178.0,22.2823
2025-07-22,581,1882,148,0,0,0,44.7429,61.8644,,6.1712,10.8282,17.1535,0.5721,208,674,52,0,0,0,47.2669,75.8584,,3.2197,8.1146,11.4465,0.446,373,1208,96,0,0,0,43.3353,54.0264,,2.9515,2.7136,5.707,1.3214,27.202,1.2666,0,7,0,3169.94,812.97,21.22,1379.78,0.995,13990.0,20.361
2025-07-23,916,1528,167,0,0,0,42.3638,59.7843,,10.8734,5.6893,17.4431,0.5794,382,494,58,0,0,0,44.6945,75.1073,,8.3027,3.4888,12.0037,0.4656,534,1034,109,0,0,0,41.064,51.2019,,2.5707,2.2005,5.4393,1.2573,28.8033,1.0979,0,3,0,3183.77,813.56,21.09,1373.72,0.925,14055.0,20.6171
2025-07-24,574,1907,131,0,0,0,33.8066,54.661,,10.4613,7.8836,18.5867,0.6167,190,697,47,0,0,0,34.0836,68.4549,,6.8411,5.5682,12.5619,0.4863,384,1210,84,0,0,0,33.6521,46.9351,,3.6203,2.3154,6.0249,1.3989,27.2207,0.9692,0,3,0,3190.45,809.89,21.45,1372.0,0.914,14040.0,20.1938
2025-07-25,985,1420,207,0,0,0,31.0054,52.9072,,8.5348,5.5915,14.7859,0.4902,363,499,72,0,0,0,31.5113,66.309,,5.5645,3.9473,9.6932,0.3746,622,921,135,0,0,0,30.7233,45.4054,,2.9703,1.6442,5.0927,1.1862,23.6649,1.6528,1,2,0,3196.05,806.95,21.68,,0.747,14074.0,20.1943
2025-07-28,650,1815,148,0,0,0,25.3645,45.4196,,10.6358,7.8145,18.9604,0.6261,179,710,45,0,0,0,22.1865,52.897,,7.93,5.5369,13.736,0.5282,471,1105,103,0,0,0,27.1369,41.2365,,2.7058,2.2776,5.2245,1.2212,31.6152,0.7706,0,4,0,3209.52,804.4,22.33,1388.29,0.949,13931.0,18.6988
2025-07-29,1183,1236,195,0,0,0,25.0959,45.8253,,11.7753,5.3325,17.6484,0.5796,460,407,67,0,0,0,22.508,55.0429,,9.0073,3.4531,12.6401,0.483,723,829,128,0,0,0,26.5392,40.6719,,2.768,1.8793,5.0084,1.1703,31.9582,0.7646,0,3,1,3230.57,804.45,22.34,1388.86,0.931,14040.0,19.3471
2025-07-30,1291,1138,186,0,0,0,28.2041,46.3846,,11.6985,6.0366,18.0017,0.5874,469,399,66,0,0,0,24.9732,54.721,,8.7374,3.9398,12.8525,0.4873,822,739,120,0,0,0,30.006,41.7266,,2.9612,2.0968,5.1492,1.2047,33.5426,1.1608,0,6,1,3254.47,803.67,22.82,1392.52,0.838,14069.0,19.3131
2025-07-31,1201,1212,202,0,0,0,28.8454,46.3846,,11.6173,9.2358,21.1349,0.6913,396,462,76,0,0,0,24.4373,53.6481,,8.3764,7.5646,16.1391,0.6139,805,750,126,0,0,0,31.3023,42.3261,,3.2409,1.6712,4.9958,1.1663,36.2873,1.7665,1,3,0,3245.44,805.24,21.85,1391.51,0.849,14010.0,18.5285
2025-08-01,162,2380,73,0,0,0,14.1104,26.6052,,3.2106,15.0558,19.6413,0.6675,34,874,26,0,0,0,11.3612,27.0096,,1.9445,11.6385,14.9476,0.5905,128,1506,47,0,0,0,15.6418,26.3789,,1.2661,3.4173,4.6938,1.1417,34.8484,0.9856,0,3,1,3119.41,772.79,25.87,,1.029,13438.0,13.4658
2025-08-04,1822,627,167,0,0,0,16.411,31.3989,,9.1327,3.4021,13.5221,0.455,668,207,60,0,0,0,13.3976,33.2262,,6.0548,2.6632,9.5158,0.3725,1154,420,107,0,0,0,18.0896,30.3775,,3.0779,0.7389,4.0062,0.9601,30.3214,1.3812,1,2,0,3147.75,784.06,24.05,1383.59,0.938,13576.0,14.3933
2025-08-05,1840,593,183,0,0,0,22.5374,35.7417,,13.5175,1.9574,15.6445,0.5181,676,188,71,0,0,0,18.5423,37.9421,,9.7024,1.0668,10.8844,0.4195,1164,405,112,0,0,0,24.7613,34.5117,,3.8151,0.8906,4.7602,1.1203,28.4204,0.6328,0,3,0,3198.0,798.6,22.31,1386.58,0.972,13744.0,15.5334
2025-08-06,1604,794,218,0,0,0,26.59,38.163,,9.6414,5.5412,15.6439,0.5176,637,233,65,0,0,0,24.4111,41.0504,,6.3641,4.4484,10.9981,0.4239,967,561,153,0,0,0,27.8043,36.5488,,3.2772,1.0928,4.6458,1.087,28.8457,0.8406,0,4,1,3198.14,803.49,21.93,1384.39,1.041,13867.0,16.2961
2025-08-07,1287,1111,218,0,0,0,31.8391,39.7002,,10.5727,4.6754,15.8435,0.5198,449,405,81,0,0,0,26.8737,41.6935,,7.7068,3.1542,11.1022,0.4239,838,706,137,0,0,0,34.6062,38.586,,2.8659,1.5212,4.7413,1.1055,30.7313,0.9709,0,3,1,3227.68,805.81,21.08,1384.97,1.02,13897.0,16.2811
2025-08-08,1165,1247,205,0,0,0,34.9425,40.0846,,9.2688,6.7168,16.299,0.5368,378,484,73,0,0,0,29.6574,39.7642,,5.3978,5.541,11.1619,0.4284,787,763,132,0,0,0,37.8878,40.2636,,3.8709,1.1759,5.137,1.1928,29.0006,1.0911,1,3,1,3210.01,809.27,20.79,,1.026,13837.0,15.53
2025-08-11,964,1484,169,0,0,0,34.6227,38.6626,,8.1811,6.9427,15.4425,0.5088,295,571,69,0,0,0,28.9079,37.0847,,4.5355,5.4966,10.1766,0.3909,669,913,100,0,0,0,37.8056,39.5446,,3.6456,1.4461,5.2658,1.2189,27.4809,0.7476,0,4,0,3206.77,811.85,20.34,1389.79,0.869,13807.0,15.0292
2025-08-12,892,1539,186,0,0,0,33.2823,36.5348,,7.2794,7.9404,15.6907,0.5197,340,540,55,0,0,0,29.5503,35.1554,,3.9564,5.6504,9.9334,0.3836,552,999,131,0,0,0,35.3608,37.3054,,3.323,2.29,5.7574,1.341,27.55,1.2842,0,2,0,3189.91,807.19,21.15,1383.09,0.781,13685.0,13.7731
2025-08-13,1273,1163,181,0,0,0,36.4994,37.3799,,11.4149,4.3872,16.009,0.5247,409,461,65,0,0,0,30.2998,33.4405,,7.6747,2.5116,10.3098,0.3938,864,702,116,0,0,0,39.9523,39.5808,,3.7402,1.8756,5.6991,1.3165,25.649,1.0925,0,4,0,3224.37,814.1,20.11,1378.78,0.775,13695.0,13.6232
2025-08-14,1086,1338,193,0,0,0,38.6825,36.3427,,7.8234,6.9135,15.5861,0.5105,377,491,67,0,0,0,32.5482,33.3333,,4.6114,5.1345,9.8995,0.378,709,847,126,0,0,0,42.099,38.024,,3.212,1.779,5.6866,1.3098,24.4449,2.2673,2,1,0,3225.66,815.26,20.46,1387.87,0.886,13739.0,13.7583
2025-08-18,532,1954,132,0,0,0,28.8012,31.0411,,4.7933,7.9512,13.6422,0.454,191,694,50,0,0,0,25.4818,28.0815,,2.8731,5.7261,8.7072,0.3376,341,1260,82,0,0,0,30.65,32.6946,,1.9202,2.2251,4.9349,1.1594,27.0277,1.4758,0,5,2,3177.28,798.05,21.37,1386.91,1.076,13581.0,12.2461
2025-08-19,663,1777,179,0,0,0,25.8522,28.3026,,4.9222,7.3376,13.9188,0.4672,265,606,64,0,0,0,23.6617,26.5809,,2.5326,4.9342,8.4322,0.3296,398,1171,115,0,0,0,27.0722,29.2639,,2.3896,2.4035,5.4866,1.3046,25.4213,1.3872,1,2,0,3151.56,787.96,21.5,1391.34,0.807,13438.0,10.8783
2025-08-20,582,1880,158,0,0,0,20.4058,23.762,,6.1967,10.0189,16.7971,0.5681,237,636,62,0,0,0,19.9143,23.0439,,4.1915,7.5501,11.85,0.4662,345,1244,96,0,0,0,20.6794,24.1627,,2.0052,2.4688,4.9471,1.1917,33.3816,0.9183,0,1,0,3130.09,777.61,22.13,1396.91,1.11,13384.0,10.2584
2025-08-21,1310,1104,207,0,0,0,23.0475,25.144,,9.6074,5.1861,15.2573,0.5143,508,358,69,0,0,0,23.6617,24.6517,,7.2136,3.4833,10.7922,0.423,802,746,138,0,0,0,22.7056,25.4187,,2.3938,1.7028,4.4651,1.0758,37.7253,0.8527,0,2,1,3141.74,777.24,21.38,1399.61,1.059,13497.0,11.0142
2025-08-22,1308,1088,226,0,0,0,25.5645,25.9117,,8.7846,3.5399,12.8258,0.4288,454,409,72,0,0,0,25.6959,24.6517,,5.7631,2.2754,8.2541,0.3208,854,679,154,0,0,0,25.4914,26.6148,,3.0215,1.2645,4.5716,1.0938,25.2015,1.1357,0,2,0,3168.73,782.51,21.09,,0.973,13502.0,10.8913
2025-08-25,1718,711,194,0,0,0,33.9709,29.7889,,10.6736,1.7663,12.9206,0.4261,595,265,75,0,0,0,32.0128,28.1886,,6.8078,1.0429,8.0491,0.3088,1123,446,119,0,0,0,35.0595,30.6818,,3.8659,0.7234,4.8715,1.1426,28.9019,1.2724,0,4,0,3209.86,798.02,20.1,1389.05,1.157,13611.0,11.6094
2025-08-26,965,1432,227,0,0,0,32.543,29.3937,,8.473,9.3346,18.0023,0.5982,316,537,82,0,0,0,29.7645,26.5809,,4.8681,7.837,12.8092,0.4963,649,895,145,0,0,0,34.0869,30.9623,,3.6049,1.4977,5.1931,1.2119,28.8661,0.7792,0,3,0,3179.36,801.66,20.37,1393.95,1.223,13611.0,11.4371
2025-08-27,945,1461,218,0,0,0,32.6577,28.6646,,7.6488,5.2168,13.019,0.4318,331,517,87,0,0,0,29.7645,25.0804,,4.6516,3.6101,8.3309,0.3221,614,944,131,0,0,0,34.2653,30.6635,,2.9972,1.6067,4.6881,1.0941,28.7885,2.0603,1,5,0,3187.16,801.72,19.97,1392.75,0.958,13586.0,11.0576
2025-08-28,1184,1229,211,0,0,0,35.0669,28.703,,8.1702,5.7535,14.1573,0.4688,478,378,79,0,0,0,35.2248,25.9378,,5.515,3.7958,9.5095,0.3667,706,851,132,0,0,0,34.9792,30.2451,,2.6552,1.9577,4.6478,1.0891,27.4447,1.4505,0,3,0,3196.32,798.43,19.31,1384.41,1.061,13710.0,11.8826
2025-08-29,858,1592,174,0,0,0,33.7538,27.8204,,7.8009,5.8844,13.8497,0.46,295,576,64,0,0,0,33.6898,25.2947,,4.5868,4.1459,8.8168,0.341,563,1016,110,0,0,0,33.7894,29.2289,,3.2141,1.7385,5.0329,1.1819,24.2831,0.9347,0,3,1,3186.01,796.91,19.52,,0.967,13567.0,10.5464
2025-09-01,516,1975,133,0,0,0,26.1086,24.482,,5.8531,7.8074,13.7613,0.4634,198,686,51,0,0,0,26.631,23.0439,,2.8519,4.9368,7.8608,0.3083,318,1289,82,0,0,0,25.818,25.2839,,3.0012,2.8707,5.9004,1.4057,26.2556,1.1927,1,4,1,3142.93,785.0,20.4,1392.9399,1.009,13438.0,9.3365
2025-09-02,1498,923,203,0,0,0,28.9755,26.132,,10.2748,4.4953,15.0101,0.5004,479,371,85,0,0,0,28.1283,22.9368,,5.2828,3.1819,8.55,0.3321,1019,552,118,0,0,0,29.4468,27.9139,,4.992,1.3134,6.4601,1.5211,30.7584,1.116,0,3,0,3172.35,794.0,19.57,1394.5699,1.109,13448.0,9.2351
2025-09-03,1333,1072,219,0,0,0,32.263,27.3216,,9.281,4.6462,14.2389,0.4729,496,366,73,0,0,0,31.7647,23.9014,,5.5603,2.9627,8.7458,0.3383,837,706,146,0,0,0,32.5402,29.2289,,3.7207,1.6835,5.4932,1.2891,30.5843,0.8608,0,3,0,3184.42,796.81,19.74,1389.63,1.084,13492.0,9.4014
2025-09-04,1737,684,203,0,0,0,39.4727,30.3914,,10.77,2.6744,13.8209,0.4563,600,247,88,0,0,0,37.9679,25.6163,,5.9805,1.6214,7.8839,0.3035,1137,437,115,0,0,0,40.3092,33.0544,,4.7895,1.053,5.9371,1.3779,26.495,1.2794,0,2,0,3200.83,805.42,19.26,1392.0601,1.191,13576.0,9.9008
2025-09-05,1282,1101,241,0,0,0,44.7841,32.5019,,9.7738,6.6558,16.721,0.5508,445,398,92,0,0,0,43.2086,27.3312,,5.4075,5.334,10.8887,0.4186,837,703,149,0,0,0,45.6599,35.3855,,4.3663,1.3218,5.8323,1.3428,36.4135,0.9658,0,2,0,3205.12,811.4,18.43,,1.107,13670.0,10.4769
2025-09-08,1448,965,211,0,0,0,49.9809,35.3031,,10.1414,3.5667,13.9149,0.456,538,318,79,0,0,0,49.9465,30.2251,,5.5603,2.4305,8.1307,0.3111,910,647,132,0,0,0,50.0,38.1351,,4.5811,1.1362,5.7841,1.3198,25.6739,1.074,0,4,0,3219.59,818.6,18.36,1385.72,0.973,13685.0,10.4142
2025-09-09,1495,909,220,0,0,0,56.1712,38.1044,,12.8225,4.7735,17.9614,0.5816,584,282,69,0,0,0,57.6471,33.5477,,7.5143,2.8218,10.4997,0.3967,911,627,151,0,0,0,55.3508,40.6455,,5.3082,1.9517,7.4617,1.6893,27.343,0.7749,0,4,0,3260.05,824.82,18.7,1387.25,0.656,13754.0,10.7838
2025-09-10,1684,722,219,0,0,0,63.9282,42.0184,,18.0642,2.9521,21.3518,0.6808,629,239,67,0,0,0,66.0963,38.6924,,12.0349,1.361,13.6653,0.5079,1055,483,152,0,0,0,62.7229,43.8733,,6.0293,1.5911,7.6865,1.7239,29.2383,0.9707,0,2,0,3314.53,833.0,20.38,1387.2,0.657,13955.0,12.1859
2025-09-11,1162,1232,231,0,0,0,65.5462,43.5533,,16.9283,5.3983,22.751,0.7197,456,400,79,0,0,0,69.4118,40.6217,,11.6081,2.8982,14.864,0.5476,706,832,152,0,0,0,63.3987,45.1883,,5.3202,2.5001,7.887,1.7642,25.2638,0.8885,0,4,0,3344.2,834.76,20.06,1389.5,0.863,14000.0,12.3314
2025-09-12,1532,887,206,0,0,0,72.0886,46.9122,,16.583,4.7714,22.1082,0.6887,516,340,79,0,0,0,75.508,43.8371,,10.2206,2.925,13.8388,0.5021,1016,547,127,0,0,0,70.19,48.626,,6.3624,1.8464,8.2694,1.8217,28.6416,0.746,0,2,0,3395.54,847.08,20.61,,0.741,14208.0,13.7684
2025-09-15,1183,1261,181,0,0,0,69.5038,48.5046,,13.9039,6.3969,20.8254,0.6462,476,394,65,0,0,0,73.1551,47.1597,,7.9917,4.3594,12.6829,0.4585,707,867,116,0,0,0,67.4777,49.2537,,5.9122,2.0375,8.1426,1.7825,26.3631,0.5613,0,4,0,3407.31,852.69,20.71,1385.01,0.731,14208.0,13.5374
2025-09-16,957,1480,188,0,0,0,66.4632,46.2423,,14.3989,6.4583,21.6943,0.666,292,564,79,0,0,0,69.7326,43.6227,,9.6429,3.5677,13.9617,0.4984,665,916,109,0,0,0,64.6501,47.7015,,4.7561,2.8905,7.7327,1.6951,32.0896,0.5591,0,3,0,3449.62,851.84,21.03,1377.64,0.837,14252.0,13.6607
2025-09-17,909,1521,195,0,0,0,63.2342,45.4964,,7.2162,10.8901,18.361,0.5695,299,562,74,0,0,0,65.1337,42.3365,,3.3499,7.8872,11.4466,0.413,610,959,121,0,0,0,62.1814,47.2554,,3.8663,3.0029,6.9144,1.5273,31.5053,0.7447,0,5,0,3413.4,845.53,21.1,1378.6899,0.947,14173.0,12.8125
2025-09-18,1714,702,209,0,0,0,69.2337,50.3065,,15.8223,4.2052,20.3663,0.6229,585,257,93,0,0,0,69.3048,46.2527,,8.9574,2.9947,12.1679,0.4329,1129,445,116,0,0,0,69.1943,52.5656,,6.8648,1.2105,8.1984,1.7864,29.5462,0.6826,0,4,0,3461.3,857.11,20.69,1386.75,0.772,14247.0,13.1823
2025-09-19,830,1604,191,0,0,0,62.8811,48.046,,12.9574,10.3103,25.7136,0.7889,236,634,65,0,0,0,62.0321,43.2548,,5.0169,7.9549,14.8423,0.5306,594,970,126,0,0,0,63.3511,50.716,,7.9405,2.3554,10.8713,2.3522,30.4658,0.4056,0,2,1,3445.24,863.11,20.68,,0.919,14223.0,12.7737
2025-09-22,993,1459,174,0,0,0,60.1753,47.5096,,13.4377,7.9096,21.6787,0.6597,330,538,67,0,0,0,58.2888,43.0407,,6.1961,5.4005,11.8291,0.4198,663,921,107,0,0,0,61.2197,50.0,,7.2416,2.5091,9.8496,2.1053,32.4179,0.5865,0,2,1,3468.65,874.36,20.94,1389.39,0.863,14208.0,12.4354
2025-09-23,787,1652,187,0,0,0,53.7729,45.6913,,13.5971,7.8401,21.8781,0.6632,264,595,76,0,0,0,50.5882,41.6488,,7.4037,4.0489,11.8307,0.4178,523,1057,111,0,0,0,55.5358,47.9428,,6.1933,3.7912,10.0474,2.1519,31.4364,0.5459,0,5,1,3486.19,872.21,20.98,1391.85,0.859,14193.0,12.0959
2025-09-24,665,1805,156,0,0,0,43.7881,41.8614,,11.5243,10.134,21.7376,0.6624,191,679,65,0,0,0,38.0749,36.4026,,5.5407,6.1546,11.7375,0.4161,474,1126,91,0,0,0,46.9509,44.9016,,5.9837,3.9794,10.0001,2.1682,29.4033,0.6244,0,4,1,3472.14,860.94,21.2,1403.65,0.994,14035.0,10.6361
2025-09-25,898,1521,207,0,0,0,41.1966,41.2869,,10.9138,10.125,21.1862,0.6466,331,528,76,0,0,0,35.4011,35.6531,,6.5264,5.6583,12.2983,0.4361,567,993,131,0,0,0,44.405,44.4246,,4.3874,4.4667,8.8879,1.9467,33.143,0.4816,0,4,0,3471.11,852.48,20.62,1408.92,0.932,14030.0,10.3917
2025-09-26,339,2158,129,0,0,0,25.5716,32.861,,6.3481,13.6429,20.164,0.6307,118,770,47,0,0,0,22.4599,27.9443,,2.5419,9.7182,12.2952,0.4471,221,1388,82,0,0,0,27.2943,35.5993,,3.8063,3.9247,7.8688,1.759,33.2883,0.8303,0,6,0,3386.05,835.19,21.77,,1.311,13725.0,7.8029
2025-09-29,1660,763,203,0,0,0,31.7835,37.725,,13.1314,2.6034,16.0681,0.4959,592,266,77,0,0,0,29.5187,33.0835,,8.3754,1.2205,9.8237,0.3525,1068,497,126,0,0,0,33.0373,40.3101,,4.756,1.3829,6.2444,1.3769,32.6604,0.7203,0,10,0,3431.21,846.71,20.96,1399.33,0.948,13882.0,8.8249
2025-09-30,741,1710,175,0,0,0,27.8582,35.3887,,7.714,9.6032,17.5603,0.5431,277,580,78,0,0,0,25.6684,32.5482,,3.6511,6.9471,10.8153,0.3887,464,1130,97,0,0,0,29.0705,36.9708,,4.0629,2.6561,6.745,1.4949,28.6953,2.0538,1,7,1,3424.6,841.99,20.62,1403.15,1.02,13803.0,7.9825
2025-10-01,1136,1279,211,0,0,0,27.9726,37.2129,,11.8636,5.5497,18.3804,0.5632,383,468,84,0,0,0,24.492,34.5824,,7.6882,3.5179,12.0437,0.4285,753,811,127,0,0,0,29.8993,38.677,,4.1754,2.0318,6.3367,1.3989,35.1548,1.4941,1,6,0,3455.83,845.34,20.55,1401.8199,0.9,13812.0,7.8385
2025-10-02,1613,829,185,0,0,0,32.3933,40.6585,,19.5464,6.1613,26.2479,0.7848,582,289,65,0,0,0,30.5882,38.3298,,14.75,3.9429,19.1037,0.6617,1031,540,120,0,0,0,33.3925,41.9547,,4.7964,2.2184,7.1441,1.5607,39.4712,0.7589,0,5,0,3549.21,854.25,22.34,1405.63,0.77,13970.0,8.8408
2025-10-10,902,1595,130,0,0,0,30.6784,38.4615,,21.1326,7.0341,28.3424,0.8337,271,616,49,0,0,0,25.2406,34.3683,,14.6507,4.7581,19.5626,0.6656,631,979,81,0,0,0,33.6886,40.7385,,6.482,2.2761,8.7798,1.907,41.3389,0.6318,0,5,0,3610.6,859.49,23.9,,1.11,13852.0,7.6913
2025-10-13,837,1609,181,0,0,0,29.181,36.1515,,11.0174,11.2579,22.4696,0.665,270,589,77,0,0,0,24.5989,32.0128,,5.3248,8.812,14.2719,0.4891,567,1020,104,0,0,0,31.716,38.4524,,5.6926,2.446,8.1978,1.779,35.9746,0.5673,0,6,0,3584.55,860.49,28.03,1426.0699,0.971,13892.0,7.7759
2025-10-14,785,1677,165,0,0,0,27.0095,33.9962,,10.7022,18.544,29.4294,0.8775,312,556,68,0,0,0,24.492,30.0857,,5.5923,12.8072,18.5488,0.6397,473,1121,97,0,0,0,28.4024,36.1689,,5.1099,5.7368,10.8806,2.3958,32.1326,1.4818,1,6,0,3561.81,847.96,30.45,1429.4301,0.987,13862.0,7.284
2025-10-15,2026,447,154,0,0,0,36.6857,40.4207,,20.7234,1.9105,22.9387,0.6669,751,125,60,0,0,0,35.2941,38.8651,,12.8619,0.7628,13.901,0.467,1275,322,94,0,0,0,37.4556,41.2849,,7.8615,1.1477,9.0377,1.9519,31.89,0.8683,0,6,0,3657.28,864.72,27.66,1420.09,0.877,14050.0,8.4641
2025-10-16,1054,1392,181,0,0,0,37.981,41.8738,,19.7193,7.172,27.0466,0.7697,484,385,67,0,0,0,41.0695,42.6124,,14.557,3.0365,17.6644,0.579,570,1007,114,0,0,0,36.2722,41.4634,,5.1622,4.1355,9.3823,2.0253,30.8894,0.8249,1,3,0,3748.37,865.41,29.89,1415.72,0.831,14346.0,10.4312
2025-10-17,518,1964,145,0,0,0,31.0095,36.5443,,15.3961,10.7413,26.4357,0.7528,218,662,56,0,0,0,34.9733,37.3262,,10.5769,6.2144,16.9759,0.5563,300,1302,89,0,0,0,28.8166,36.1095,,4.8192,4.5269,9.4598,2.056,32.7028,0.6322,0,4,0,3748.89,859.54,34.58,,0.907,14276.0,9.6183
2025-10-20,1569,883,175,0,0,0,35.8476,39.2966,,20.052,3.0161,23.3183,0.6524,589,281,66,0,0,0,42.4599,41.9251,,12.5508,1.5023,14.1714,0.4563,980,602,109,0,0,0,32.1893,37.8346,,7.5012,1.5137,9.1468,1.9512,29.0018,1.0138,0,3,0,3814.69,875.77,30.9,1419.74,1.057,14499.0,11.0454
2025-10-21,959,1468,200,0,0,0,36.6476,39.182,,14.7241,13.7192,28.9372,0.8079,362,493,81,0,0,0,44.1711,42.0321,,9.2576,9.2917,18.8645,0.6057,597,975,119,0,0,0,32.4852,37.5967,,5.4665,4.4276,10.0727,2.1568,28.4562,1.2026,0,6,0,3823.84,872.5,30.62,1430.74,0.873,14519.0,10.9199
2025-10-22,1528,910,189,0,0,0,41.5238,42.9664,,18.9412,4.6326,23.8093,0.6553,630,242,64,0,0,0,53.5829,48.3422,,13.307,2.0677,15.4804,0.4894,898,668,125,0,0,0,34.8521,39.9762,,5.6343,2.5649,8.3289,1.7703,31.0394,1.2513,1,5,0,3883.68,879.15,29.98,1430.4,0.872,14765.0,12.508
2025-10-23,712,1727,188,0,0,0,37.5095,39.2816,,10.7693,12.8075,23.7673,0.6605,258,599,79,0,0,0,46.9519,44.492,,5.9167,9.998,16.0242,0.5117,454,1128,109,0,0,0,32.2886,36.3853,,4.8526,2.8096,7.7431,1.6592,30.2214,1.2185,0,5,0,3845.56,872.03,30.63,1435.84,0.853,14726.0,11.9196
2025-10-24,1166,1269,192,0,0,0,39.7944,41.4979,,21.4609,5.0231,26.7931,0.7277,468,402,66,0,0,0,49.9465,46.8449,,15.2375,2.403,17.8008,0.5546,698,867,126,0,0,0,34.181,38.5256,,6.2234,2.6201,8.9923,1.9034,28.9404,0.9202,0,5,0,3941.59,883.08,31.29,,0.768,14973.0,13.4939
2025-10-27,1382,1069,176,0,0,0,46.0396,44.1727,,24.2625,5.1377,29.97,0.794,555,316,65,0,0,0,58.1818,51.4439,,16.8308,3.1037,20.0475,0.6091,827,753,111,0,0,0,39.3258,40.1308,,7.4316,2.034,9.9225,2.0533,29.0493,0.8569,0,2,0,4042.83,902.7,32.94,1436.97,0.789,15186.0,14.79
2025-10-28,1020,1401,209,0,0,0,45.8111,44.8987,,14.7515,12.9128,27.9154,0.7448,373,498,67,0,0,0,58.1818,51.9786,,9.5473,9.9681,19.6905,0.6032,647,903,142,0,0,0,38.971,40.9631,,5.2042,2.9447,8.2248,1.7012,35.0901,0.7456,0,5,0,4010.41,903.3,33.24,1430.97,0.889,15249.0,14.9451
2025-10-29,815,1617,198,0,0,0,41.965,42.1857,,23.1422,7.676,31.2359,0.8208,303,557,78,0,0,0,52.2995,47.8075,,17.0255,4.6919,22.0088,0.6623,512,1060,120,0,0,0,36.2507,39.0606,,6.1167,2.9842,9.2272,1.9126,34.1661,1.1065,0,5,0,4081.15,901.59,32.63,1425.97,0.816,15329.0,15.223
2025-10-30,484,2020,126,0,0,0,33.511,36.822,,19.4379,13.0362,32.8106,0.8619,190,699,49,0,0,0,43.1016,42.9947,,14.5458,9.1008,23.7556,0.7134,294,1321,77,0,0,0,28.2082,33.3928,,4.8921,3.9354,9.055,1.8986,36.3648,0.9503,0,4,0,4086.89,890.86,31.89,1424.01,0.922,15106.0,13.2551
2025-10-31,1037,1405,188,0,0,0,33.7776,37.3043,,20.4279,11.6568,32.4596,0.8474,317,552,69,0,0,0,40.5348,40.9626,,14.2766,8.4216,22.982,0.6863,720,853,119,0,0,0,30.0414,35.2732,,6.1512,3.2352,9.4776,1.9661,40.0697,0.4232,0,5,0,4107.5,900.42,30.4,1424.02,0.859,15116.0,13.0407
2025-11-03,842,1667,121,0,0,0,31.4166,35.2672,,28.1086,6.3357,35.6823,0.9074,287,605,46,0,0,0,36.2567,37.9679,,18.4587,4.119,22.6894,0.6591,555,1062,75,0,0,0,28.7404,33.7685,,9.6498,2.2167,12.9928,2.651,34.4493,0.555,0,7,0,4221.87,914.55,32.89,1427.17,0.919,15206.0,13.4275
2025-11-04,1061,1408,162,0,0,0,30.9859,35.5208,,13.7382,17.9804,32.3811,0.8401,377,501,60,0,0,0,35.6838,38.5027,,4.9772,14.6571,20.2437,0.6029,684,907,102,0,0,0,28.3856,33.8671,,8.761,3.3233,12.1374,2.4437,33.237,0.6913,0,4,0,4121.74,926.57,35.78,1428.97,0.95,15259.0,13.5345
2025-11-05,494,2017,120,0,0,0,23.0301,29.7864,,7.5727,32.5412,40.3134,1.0769,166,731,41,0,0,0,25.7479,32.4064,,3.8125,25.3935,29.2579,0.8975,328,1286,79,0,0,0,21.5257,28.3343,,3.7602,7.1477,11.0555,2.2867,38.7336,0.7759,0,6,0,4004.42,901.89,40.51,1439.8101,1.192,14770.0,9.6541
2025-11-06,1461,1020,150,0,0,0,27.027,32.1006,,15.8787,15.8967,31.8881,0.8485,627,263,48,0,0,0,34.4017,37.5401,,10.7827,10.2158,21.0603,0.6427,834,757,102,0,0,0,22.945,29.0877,,5.096,5.6809,10.8277,2.2494,37.0715,0.6569,0,9,0,4026.45,898.17,40.2,1439.74,1.154,15008.0,11.16
2025-11-07,477,2005,149,0,0,0,21.6978,27.0579,,6.8599,20.2606,27.9233,0.7571,208,674,56,0,0,0,27.7778,32.2995,,2.9194,15.1524,18.3538,0.5704,269,1331,93,0,0,0,18.3323,24.1563,,3.9405,5.1082,9.5694,2.0337,34.4032,0.5573,0,2,0,3953.76,876.81,41.88,1447.9,0.993,14697.0,8.6266
2025-11-10,2105,397,130,0,0,0,32.9273,35.0229,,20.7459,3.3041,24.6345,0.6498,798,98,42,0,0,0,45.5128,45.1337,,14.7533,1.3122,16.4636,0.4968,1307,299,88,0,0,0,25.961,29.4257,,5.9925,1.9919,8.1709,1.7135,35.281,0.6498,0,4,1,4073.24,888.35,39.75,1454.0,1.181,15156.0,11.7558
2025-11-11,899,1549,184,0,0,0,32.204,33.8415,,19.7095,10.0396,29.9351,0.7842,337,536,65,0,0,0,43.3761,43.4225,,14.1403,5.4774,19.7509,0.5909,562,1013,119,0,0,0,26.0201,28.5376,,5.5692,4.5623,10.1842,2.146,38.0679,0.6583,0,5,2,4106.39,884.27,38.93,1456.09,1.037,15071.0,10.8807
2025-11-12,2091,417,124,0,0,0,44.1188,40.625,,15.8481,8.958,24.9142,0.6448,781,116,41,0,0,0,57.5855,52.6203,,8.947,6.5928,15.5961,0.4618,1310,301,83,0,0,0,36.6647,33.9846,,6.9011,2.3652,9.3181,1.9141,27.2178,0.5606,0,10,0,4150.39,906.51,36.1,1459.84,0.932,15482.0,13.6206
2025-11-13,1345,1073,214,0,0,0,48.7248,41.6921,,16.1939,10.0525,26.9893,0.6941,473,378,87,0,0,0,60.2564,53.6898,,9.0551,7.8448,17.4158,0.5131,872,695,127,0,0,0,42.3418,35.0503,,7.1387,2.2076,9.5735,1.9389,32.3967,0.9856,0,2,0,4170.63,918.37,33.34,1468.02,0.939,15680.0,14.7805
2025-11-14,497,1977,159,0,0,0,39.3986,35.8232,,7.6815,18.9712,27.4438,0.7325,167,713,58,0,0,0,50.3205,48.877,,2.9469,14.4252,17.4004,0.5332,330,1264,101,0,0,0,33.353,28.5968,,4.7346,4.546,10.0435,2.0773,35.6065,0.5908,0,5,2,4011.57,897.9,36.66,1468.71,1.076,15284.0,11.6261
2025-11-17,1041,1432,161,0,0,0,37.914,36.5473,,15.9518,5.464,22.2276,0.5827,389,487,62,0,0,0,48.3974,48.0214,,10.9676,3.1561,14.2957,0.4296,652,945,99,0,0,0,32.1112,30.1954,,4.9842,2.3078,7.9319,1.6296,32.6443,0.5807,0,4,2,4089.25,902.67,34.36,1446.53,1.108,15294.0,11.4542
2025-11-18,280,2250,106,0,0,0,26.418,28.0107,,4.477,17.0517,22.7827,0.6172,82,812,44,0,0,0,31.8376,38.0749,,1.1732,12.2808,13.7047,0.4261,198,1438,62,0,0,0,23.4181,22.4393,,3.3038,4.7709,9.0779,1.913,31.2396,0.7958,0,3,1,3953.62,878.7,39.26,1461.6899,1.401,14898.0,8.3532
2025-11-19,1060,1397,180,0,0,0,26.6083,27.8201,,8.8543,13.298,22.3514,0.6096,458,414,66,0,0,0,33.9744,37.861,,4.4121,9.9697,14.5265,0.4544,602,983,114,0,0,0,22.531,22.2617,,4.4423,3.3283,7.8249,1.6636,30.782,0.5641,0,5,1,3929.51,871.32,39.51,1456.55,1.261,14928.0,8.3544
2025-11-20,2062,437,138,0,0,0,35.7442,33.6128,,19.0021,2.8783,22.8286,0.6101,744,138,56,0,0,0,45.406,46.4171,,13.3389,1.3991,14.9205,0.4579,1318,299,82,0,0,0,30.3962,26.5246,,5.6632,1.4791,7.9082,1.6371,35.2996,0.5522,0,5,0,4004.85,891.94,36.28,1466.13,1.058,15176.0,9.9106
2025-11-21,409,2107,122,0,0,0,28.5171,27.439,,4.3085,16.3784,21.5722,0.5986,178,710,50,0,0,0,37.42,38.6096,,1.4993,12.4465,14.0686,0.4488,231,1397,72,0,0,0,23.5816,21.2552,,2.8092,3.9319,7.5036,1.5998,38.1207,0.9337,1,4,0,3853.26,863.95,41.38,1473.25,1.055,14825.0,7.1543
2025-11-24,898,1569,172,0,0,0,26.7681,26.2476,,11.5575,16.0948,28.3512,0.7866,301,571,66,0,0,0,34.2217,37.3262,,7.9368,12.5611,21.11,0.6724,597,998,106,0,0,0,22.6359,20.1183,,3.6208,3.5337,7.2412,1.5574,37.2235,0.4581,0,4,1,3846.06,856.44,38.72,1467.73,1.168,14647.0,5.6716
2025-11-25,1053,1407,181,0,0,0,25.9696,24.9905,,11.2762,8.8759,20.4646,0.5661,323,547,70,0,0,0,31.6631,34.1176,,6.6861,6.069,12.9975,0.4126,730,860,111,0,0,0,22.8132,19.9408,,4.5902,2.807,7.4671,1.6075,33.0239,0.662,0,4,0,3857.78,856.03,37.16,1474.86,1.222,14622.0,5.2908
2025-11-26,2049,448,144,0,0,0,36.5019,30.6286,,21.4849,1.6798,23.3607,0.6294,769,120,51,0,0,0,47.3348,42.7807,,15.1421,0.4285,15.6088,0.4825,1280,328,93,0,0,0,30.4965,23.9053,,6.3428,1.2513,7.7519,1.6271,36.9487,0.5105,0,5,0,3960.87,877.32,33.06,1464.92,1.217,14978.0,7.6309
2025-11-27,1156,1280,205,0,0,0,36.8061,30.3238,,13.7185,6.9048,21.2981,0.5704,388,479,73,0,0,0,45.7356,42.139,,8.242,4.3301,12.8524,0.3948,768,801,132,0,0,0,31.8558,23.787,,5.4766,2.5747,8.4457,1.7662,35.4556,0.4269,0,5,0,3986.91,880.06,30.79,1470.59,1.016,15071.0,8.0808
2025-11-28,1926,549,167,0,0,0,51.4253,36.2286,,12.9754,9.9384,23.2863,0.6289,591,279,70,0,0,0,55.0107,46.2032,,2.8409,8.6519,11.8262,0.3689,1335,270,97,0,0,0,49.4389,30.7101,,10.1345,1.2865,11.4601,2.3056,30.0947,0.3593,0,6,0,3926.59,912.67,30.24,1461.4,1.026,15028.0,7.5628
2025-12-01,1206,1230,206,0,0,0,53.1357,38.4381,,14.1222,8.8399,23.1137,0.624,382,483,75,0,0,0,53.838,46.5241,,6.2034,5.4674,11.7364,0.3666,824,747,131,0,0,0,52.7466,33.9645,,7.9187,3.3724,11.3773,2.2648,29.411,0.6773,0,4,0,3920.37,922.38,31.55,1465.62,0.97,14998.0,7.1487
2025-12-02,1658,778,206,0,0,0,59.217,42.9714,,18.2536,3.8887,22.557,0.5987,636,224,80,0,0,0,61.194,52.0856,,10.3134,1.6899,12.3666,0.3791,1022,554,126,0,0,0,58.1217,37.929,,7.9402,2.1988,10.1903,2.0167,29.4385,0.8275,0,5,0,3994.93,928.42,29.73,1470.17,1.327,15196.0,8.3687
2025-12-03,1650,797,195,0,0,0,66.2486,47.2762,,16.9418,5.8697,23.1743,0.6094,651,224,65,0,0,0,69.8294,58.9305,,10.1851,3.1116,13.4997,0.4096,999,573,130,0,0,0,64.2646,40.8284,,6.7567,2.758,9.6746,1.9075,32.4491,0.7034,0,9,0,4036.3,932.01,29.36,1467.36,0.932,15389.0,9.5331
2025-12-04,804,1651,187,0,0,0,60.5623,45.6207,,15.7307,9.7466,25.9586,0.6832,280,591,69,0,0,0,64.3923,56.5775,,7.2884,6.2863,13.644,0.4146,524,1060,118,0,0,0,58.4416,39.5624,,8.4422,3.4603,12.3147,2.42,29.335,0.8466,0,5,0,4028.51,929.83,28.4,1465.03,0.991,15412.0,9.4798
2025-12-05,1506,948,189,0,0,0,64.5137,49.3145,,19.8056,8.5738,28.6404,0.7429,597,274,69,0,0,0,70.0426,61.9251,,13.8842,2.2697,16.2881,0.4863,909,674,120,0,0,0,61.4522,42.3418,,5.9214,6.3041,12.3522,2.441,35.0802,0.741,0,11,0,4100.05,924.74,26.95,1472.38,0.944,15457.0,9.6045
2025-12-08,967,1468,208,0,0,0,61.7781,48.1721,,18.0915,7.9166,26.8722,0.6889,313,548,79,0,0,0,65.7783,60.8556,,10.5363,3.9454,15.0509,0.4435,654,920,129,0,0,0,59.5632,41.1591,,7.5551,3.9712,11.8213,2.3299,34.2665,0.8598,0,6,0,4154.85,927.79,27.33,1471.8101,0.8,15492.0,9.6625
2025-12-09,1030,1400,213,0,0,0,60.0304,48.2864,,12.6717,9.3489,23.4018,0.6008,395,475,70,0,0,0,63.2196,60.4278,,6.6659,6.4714,13.2415,0.3912,635,925,143,0,0,0,58.2645,41.573,,6.0058,2.8774,10.1603,1.9913,35.2215,0.9845,1,7,1,4143.55,931.35,27.87,1468.51,0.849,15526.0,9.7256
2025-12-10,885,1569,190,0,0,0,58.3745,47.0678,,11.6874,10.1044,22.4374,0.5767,281,588,71,0,0,0,59.1684,58.5027,,5.3825,6.9082,12.4406,0.3682,604,981,119,0,0,0,57.9351,40.7451,,6.305,3.1962,9.9968,1.9501,33.9199,0.8851,0,8,0,4135.0,935.0,27.64,1467.9301,0.922,15447.0,9.0036
2025-12-11,1515,940,190,0,0,0,65.262,50.5712,,14.5581,15.2219,30.6811,0.7925,548,322,70,0,0,0,67.0576,61.4973,,9.0139,10.7565,20.149,0.5999,967,618,120,0,0,0,64.2689,44.5299,,5.5442,4.4654,10.5321,2.0547,29.9686,0.7008,0,9,0,4110.62,934.64,27.4,1469.04,1.075,15497.0,9.1982
2025-12-12,1540,909,197,0,0,0,70.0683,53.4653,,22.1649,5.8707,28.7554,0.7336,653,218,69,0,0,0,75.5864,66.3102,,14.1544,2.1431,16.5553,0.4861,887,691,128,0,0,0,67.02,46.3631,,8.0105,3.7276,12.2,2.3723,30.8259,0.4578,0,5,0,4167.16,937.34,25.05,1470.85,1.241,15640.0,10.0398
2025-12-15,1027,1442,178,0,0,0,65.9841,52.361,,12.4409,13.4123,26.4993,0.6867,348,527,65,0,0,0,72.1748,65.3476,,4.3433,10.3109,15.2465,0.456,679,915,113,0,0,0,62.5662,45.1804,,8.0976,3.1014,11.2528,2.1849,31.7077,0.6252,0,8,0,4090.59,938.83,26.92,1472.91,0.984,15670.0,10.0771
2025-12-16,483,2036,129,0,0,0,52.2943,45.7556,,8.9702,18.279,29.5479,0.7834,185,709,47,0,0,0,59.8081,57.5855,,4.2908,11.878,16.3452,0.5,298,1327,82,0,0,0,48.146,39.2076,,4.6793,6.401,13.2028,2.6246,34.5007,0.6296,0,10,0,3999.13,916.11,28.37,1467.48,1.167,15359.0,7.7548
2025-12-17,1332,1116,201,0,0,0,53.4117,48.1919,,13.1168,9.6145,24.3461,0.6377,531,340,70,0,0,0,62.3667,61.3248,,8.4064,4.2199,12.9933,0.3916,801,776,131,0,0,0,48.4706,40.9225,,4.7104,5.3946,11.3528,2.2702,32.8225,1.0646,1,13,0,4056.41,911.07,26.78,1471.74,1.127,15402.0,7.9127
2025-12-18,614,1873,163,0,0,0,44.7139,44.0426,,10.2864,12.4245,22.9082,0.6088,194,684,63,0,0,0,51.8124,56.5171,,4.1823,8.6805,12.9497,0.3964,420,1189,100,0,0,0,40.7995,37.1378,,6.1042,3.744,9.9585,2.0068,33.0923,2.5036,2,13,0,3994.51,901.33,27.86,1474.0,0.959,15166.0,6.1335
2025-12-19,1719,756,176,0,0,0,51.2685,48.4964,,16.4013,10.252,27.4013,0.7226,606,271,64,0,0,0,58.2979,60.1496,,8.3572,7.5796,16.2916,0.4954,1113,485,112,0,0,0,47.3839,42.0461,,8.0441,2.6725,11.1097,2.2044,29.1162,1.0604,0,8,1,4020.55,915.27,27.27,1474.36,1.128,15201.0,6.2562
2025-12-22,1619,838,194,0,0,0,57.1753,51.8462,,20.0585,4.2196,25.1204,0.6491,533,339,69,0,0,0,60.6383,61.4316,,10.5894,2.2296,12.9708,0.3862,1086,499,125,0,0,0,55.2616,46.5405,,9.4691,1.99,12.1496,2.3745,33.5252,0.8664,0,12,3,4105.93,929.14,27.19,1473.72,1.165,15447.0,7.8454
2025-12-23,556,1917,179,0,0,0,44.1878,47.6589,,14.6379,9.5519,24.9921,0.6451,216,652,73,0,0,0,50.1064,57.1581,,8.7598,4.2531,13.449,0.3993,340,1265,106,0,0,0,40.9171,42.4009,,5.8782,5.2988,11.5431,2.2796,32.9243,0.654,0,12,4,4117.32,919.56,26.11,1476.84,1.117,15373.0,7.2049
2025-12-24,970,1455,227,0,0,0,41.7487,46.8215,,12.0685,9.8665,23.1914,0.5999,378,479,84,0,0,0,47.5532,57.0513,,4.8002,6.7441,11.9099,0.3544,592,976,143,0,0,0,38.5429,41.1591,,7.2683,3.1224,11.2815,2.2336,31.3039,0.5351,0,6,0,4108.62,915.2,25.99,1478.67,1.164,15329.0,6.7984
2025-12-26,874,1607,172,0,0,0,35.9198,45.3369,,17.8266,9.4539,27.5058,0.7076,244,638,59,0,0,0,37.5532,53.2051,,10.1462,5.9576,16.1793,0.4788,630,969,113,0,0,0,35.0176,40.9817,,7.6804,3.4963,11.3265,2.231,37.8987,1.1251,0,13,0,4129.68,919.67,26.2,1446.52,0.93,15224.0,5.9713
2025-12-29,1144,1349,160,0,0,0,32.6646,41.0354,,21.1104,4.6092,26.4808,0.6671,317,570,54,0,0,0,28.9362,44.4444,,12.1667,2.3838,14.6239,0.4235,827,779,106,0,0,0,34.7239,39.1484,,8.9437,2.2254,11.857,2.2983,35.1109,1.5554,1,8,0,4220.56,932.59,27.48,1441.33,1.009,15244.0,6.0132
2025-12-30,954,1521,179,0,0,0,30.6586,40.1979,,14.0839,9.3724,23.6619,0.5975,329,544,68,0,0,0,25.4255,41.7735,,8.219,4.8251,13.1735,0.3821,625,977,111,0,0,0,33.5488,39.3258,,5.8649,4.5473,10.4884,2.0471,35.5594,1.912,1,8,1,4214.17,925.47,28.85,1434.71,0.83,15214.0,5.6958
2026-01-02,1493,1011,150,0,0,0,39.7426,43.2052,,21.9344,6.4736,28.6904,0.7084,373,517,51,0,0,0,28.5106,38.5684,,13.6696,4.0302,17.7579,0.5034,1120,494,99,0,0,0,45.9459,45.7717,,8.2649,2.4434,10.9325,2.0924,36.0779,0.9634,0,11,2,4309.63,945.57,30.6,1443.64,1.059,15171.0,5.3011
2026-01-05,1223,1275,156,0,0,0,40.6735,43.4336,,28.9691,5.8006,35.0034,0.8373,435,445,61,0,0,0,30.6383,39.3162,,20.2473,2.5328,22.9797,0.6293,788,830,95,0,0,0,46.2126,45.7126,,8.7218,3.2677,12.0236,2.2724,39.7807,0.9784,0,6,0,4457.52,957.5,33.03,1440.48,0.891,15339.0,6.3674
2026-01-06,984,1494,176,0,0,0,38.1385,41.6445,,27.2608,8.2736,36.1688,0.8542,396,476,69,0,0,0,31.7021,39.1026,,21.2847,3.9804,25.8328,0.697,588,1018,107,0,0,0,41.6911,43.0514,,5.9761,4.2931,10.336,1.9578,42.1,1.4043,0,8,0,4525.48,955.97,34.33,1445.5601,0.726,15422.0,6.84
2026-01-07,581,1931,142,0,0,0,32.0091,37.1103,,26.8435,13.3879,40.513,0.9529,199,679,63,0,0,0,25.6383,34.6482,,21.0007,7.9644,29.1862,0.7829,382,1252,79,0,0,0,35.5255,38.4752,,5.8429,5.4235,11.3268,2.1642,44.509,0.8692,0,12,0,4551.06,947.39,35.57,1444.96,0.94,15382.0,6.4709
2026-01-08,545,1986,123,0,0,0,26.1725,32.7376,,18.335,18.8055,37.2975,0.8778,174,724,43,0,0,0,19.2553,28.678,,12.1963,15.035,27.2555,0.7312,371,1262,80,0,0,0,29.9883,34.9882,,6.1387,3.7705,10.042,1.9247,43.1481,1.062,0,10,2,4552.37,944.06,35.21,1446.14,0.93,15294.0,5.7586
2026-01-09,1444,1022,188,0,0,0,30.2457,35.5513,,21.8512,10.5314,32.8267,0.767,537,336,68,0,0,0,22.6596,32.0896,,16.5859,6.9066,23.7871,0.6333,907,686,120,0,0,0,34.4282,37.4704,,5.2653,3.6248,9.0396,1.7255,41.4927,1.0133,0,12,0,4586.32,947.92,34.16,1450.08,2.9,15540.0,7.3433
2026-01-12,1400,1067,187,0,0,0,34.3537,38.9734,,21.4384,11.5451,33.3067,0.7724,527,345,69,0,0,0,28.617,36.7804,,14.6987,8.1432,23.0612,0.6089,873,722,118,0,0,0,37.5147,40.1891,,6.7397,3.4019,10.2455,1.9518,36.4489,1.1144,1,10,0,4624.79,949.81,33.5,1455.24,2.597,15723.0,8.4911
2026-01-13,1077,1405,172,0,0,0,35.8141,38.7072,,23.301,12.0406,35.6203,0.8157,445,428,68,0,0,0,33.2979,36.9936,,16.7801,8.5209,25.467,0.6628,632,977,104,0,0,0,37.1998,39.6572,,6.5209,3.5197,10.1532,1.936,37.6573,1.0228,0,12,0,4692.64,948.98,32.52,1464.9301,2.219,16039.0,10.5468
2026-01-14,1224,1258,172,0,0,0,36.3671,40.973,,21.8286,10.7131,33.0729,0.7537,555,332,54,0,0,0,38.2572,41.1514,,17.6969,6.5305,24.2873,0.6281,669,926,118,0,0,0,35.3251,40.8742,,4.1318,4.1826,8.7856,1.6865,36.0161,1.2163,0,15,0,4723.1,942.18,31.57,1473.01,2.2,16139.0,11.1178
2026-01-15,1319,1157,180,0,0,0,39.4488,42.1133,,28.3264,6.188,34.8949,0.7831,484,384,73,0,0,0,42.2954,41.6844,,19.5796,4.1532,24.0516,0.612,835,773,107,0,0,0,37.8806,42.3509,,8.7469,2.0349,10.8433,2.061,32.4222,0.7392,0,17,0,4797.55,951.16,32.39,1462.9,2.474,16321.0,12.2329
2026-01-16,920,1566,170,0,0,0,37.9245,40.3269,,27.1321,13.4598,41.1143,0.9143,372,500,69,0,0,0,40.5951,42.2175,,17.4879,9.0605,26.9343,0.6787,548,1066,101,0,0,0,36.4541,39.2794,,9.6442,4.3994,14.18,2.6833,33.8967,0.6001,0,11,0,4840.74,954.59,31.62,1468.84,1.79,16365.0,12.4051
2026-01-19,1201,1299,156,0,0,0,40.5885,41.049,,31.4053,6.7937,38.7409,0.8503,394,485,62,0,0,0,43.1456,41.3646,,20.5094,4.472,25.4463,0.633,807,814,94,0,0,0,39.1813,40.8742,,10.8959,2.3217,13.2946,2.4797,34.1843,0.899,0,17,0,4904.66,968.36,32.99,1471.58,1.727,16533.0,13.4193
2026-01-20,1786,722,148,0,0,0,48.6232,46.4286,,21.0201,21.1265,42.4905,0.9355,662,227,52,0,0,0,53.4538,49.0405,,11.3037,15.5583,27.1392,0.6782,1124,495,96,0,0,0,45.9649,44.9823,,9.7163,5.5682,15.3512,2.8403,31.4366,0.6961,0,14,0,4885.75,976.37,34.56,1471.52,1.75,16766.0,14.8462
2026-01-21,566,1974,116,0,0,0,39.5551,40.2356,,29.1291,21.4999,50.8855,1.1181,184,708,49,0,0,0,43.9957,42.2175,,17.9386,12.4363,30.4984,0.7578,382,1266,67,0,0,0,37.1128,39.1381,,11.1905,9.0636,20.3871,3.8718,40.4439,0.6262,0,14,1,4909.93,951.29,35.58,1477.78,1.893,16593.0,13.5075
2026-01-22,1513,957,186,0,0,0,46.6817,44.6809,,30.9302,17.3738,48.9263,1.0646,563,312,66,0,0,0,51.8597,47.6546,,20.183,11.9943,32.5973,0.8032,950,645,120,0,0,0,43.834,43.0342,,10.7471,5.3795,16.3289,3.0382,36.0249,0.6021,0,15,0,4952.53,970.35,36.36,1464.83,2.815,16835.0,14.9858
2026-01-23,1814,690,152,0,0,0,59.4798,51.9377,,26.6081,18.8512,46.311,0.9983,676,209,56,0,0,0,65.4623,54.9041,,16.2861,12.9879,29.9758,0.7333,1138,481,96,0,0,0,56.1916,50.2952,,10.3221,5.8633,16.3353,2.9657,34.8176,0.876,0,12,1,4990.07,993.93,34.09,1463.26,2.102,17097.0,16.5894
2026-01-26,1831,698,127,0,0,0,71.7301,59.9316,,28.3305,16.8842,48.4815,1.0438,503,388,50,0,0,0,71.4134,58.4222,,7.5604,11.916,22.7181,0.5603,1328,310,77,0,0,0,71.9042,60.767,,20.7701,4.9681,25.7634,4.3668,33.2177,0.5069,0,13,0,4949.59,1064.41,34.35,1444.8101,1.617,17008.0,15.7918
2026-01-27,1295,1193,168,0,0,0,71.477,61.3895,,35.1305,11.1784,46.5408,0.9768,408,472,61,0,0,0,69.7131,58.742,,21.1529,7.5705,28.7789,0.6911,887,721,107,0,0,0,72.446,62.8538,,13.9776,3.6079,17.7619,2.9595,36.8637,0.5241,0,13,0,5084.85,1082.59,34.81,1440.98,1.847,17102.0,16.2389
2026-01-28,1331,1152,173,0,0,0,71.2133,62.1396,,43.3411,10.5559,54.5133,1.1207,430,438,73,0,0,0,69.8193,58.4222,,23.1757,7.2305,30.9298,0.7301,901,714,100,0,0,0,71.979,64.1932,,20.1654,3.3254,23.5835,3.7578,34.8563,0.6988,0,9,0,5170.81,1133.52,38.68,1432.51,1.212,17255.0,17.0741
2026-01-29,1551,922,183,0,0,0,74.1145,64.8464,54.4402,41.2874,17.3109,59.0677,1.2003,576,286,79,0,0,0,74.0701,62.3667,59.0129,23.0116,12.8131,36.1515,0.8455,975,636,104,0,0,0,74.1389,66.2154,51.8697,18.2758,4.4978,22.9162,3.5531,36.8119,0.7839,0,8,0,5221.25,1164.41,38.92,1429.27,1.791,17571.0,18.9923
2026-01-30,752,1761,143,0,0,0,65.9759,59.9924,52.0463,26.8021,28.5525,58.0622,1.181,278,600,63,0,0,0,67.3751,59.0618,57.1888,15.9748,18.878,35.2306,0.8234,474,1161,80,0,0,0,65.2072,60.5062,49.1556,10.8273,9.6745,22.8316,3.5811,38.489,1.0199,1,5,0,5224.36,1149.44,39.58,1428.76,2.379,17437.0,17.861
2026-02-02,359,2202,96,0,0,0,47.8523,48.7111,47.722,7.889,39.1402,48.4417,1.039,114,796,31,0,0,0,46.865,47.0149,53.1116,2.3879,28.8781,31.3159,0.7727,245,1406,65,0,0,0,48.3946,49.6471,44.6924,5.5011,10.2621,17.1258,2.8092,38.9116,0.806,0,9,0,4949.67,1098.36,47.37,1448.8,1.825,16731.0,12.9246
2026-02-03,2182,354,121,0,0,0,63.4514,58.5449,51.7761,43.1542,2.2899,45.5097,0.9164,823,76,42,0,0,0,66.8438,59.5949,57.5107,29.8356,0.787,30.6327,0.7072,1359,278,79,0,0,0,61.5879,57.9659,48.5525,13.3187,1.5029,14.877,2.3431,38.4798,0.7575,0,12,0,5288.08,1144.33,50.14,1452.54,1.297,17516.0,18.0033
2026-02-04,1766,748,143,0,0,0,70.3843,64.4074,54.4788,32.3519,11.6683,44.3072,0.88,746,155,40,0,0,0,75.4516,68.8298,61.588,23.7303,6.8989,30.6665,0.6973,1020,593,103,0,0,0,67.6007,61.9636,50.4825,8.6216,4.7694,13.6407,2.1403,33.7367,0.5791,0,21,0,5371.1,1149.43,50.7,1446.6801,1.657,18025.0,21.1701
2026-02-05,702,1802,153,0,0,0,63.4891,60.053,53.0116,10.3356,35.0092,45.6714,0.9434,307,574,60,0,0,0,70.882,65.2128,60.9442,5.8609,25.7875,31.9229,0.7554,395,1228,93,0,0,0,59.4279,57.2016,48.5525,4.4747,9.2217,13.7485,2.2355,36.1865,0.5368,0,9,0,5163.57,1108.41,52.21,1460.11,1.781,17650.0,18.3811
2026-02-06,562,1959,136,0,0,0,52.6375,54.0704,50.7722,13.4362,30.7881,44.5147,0.9343,191,698,52,0,0,0,60.3613,58.4043,57.618,6.3693,23.7667,30.2665,0.7267,371,1261,84,0,0,0,48.3946,51.6755,46.924,7.0669,7.0214,14.2482,2.3771,39.3522,0.7822,0,8,0,5089.14,1080.77,51.48,1470.6801,1.5,17383.0,16.3526
2026-02-09,2030,478,149,0,0,0,63.8282,60.9008,54.2085,35.6845,2.975,38.9424,0.7852,713,172,56,0,0,0,69.6068,65.8511,62.2318,25.1525,1.1379,26.4366,0.6099,1317,306,93,0,0,0,60.6538,58.1669,49.6984,10.532,1.8371,12.5059,2.0002,35.7276,0.6078,0,11,0,5298.04,1127.55,47.16,1462.4,1.322,17981.0,20.0829
2026-02-10,1655,855,147,0,0,0,69.1642,66.0484,55.9459,16.7492,18.1319,35.1545,0.7095,687,207,47,0,0,0,74.9203,72.1277,64.6996,10.6078,12.4374,23.137,0.5335,968,648,100,0,0,0,66.0058,62.691,51.0253,6.1414,5.6945,12.0174,1.9443,30.2941,0.7344,0,10,1,5301.69,1115.2,42.0,1458.54,0.963,18257.0,21.6408
2026-02-11,1321,1153,183,0,0,0,70.4819,67.1461,56.6409,25.3481,10.9397,36.8059,0.7363,540,336,65,0,0,0,77.577,72.8723,65.6652,18.7701,6.6746,25.7425,0.5876,781,817,118,0,0,0,66.5889,63.9835,51.5682,6.578,4.2651,11.0634,1.7902,35.4008,0.5579,0,7,0,5354.49,1114.87,38.88,1455.33,0.859,18445.0,22.5962
2026-02-12,1476,996,185,0,0,0,71.7997,69.5685,58.0695,34.555,9.4447,45.2049,0.879,617,270,54,0,0,0,80.4463,76.2766,68.0258,25.8905,5.5278,32.439,0.7179,859,726,131,0,0,0,67.0554,65.8637,52.4729,8.6645,3.9169,12.7659,2.0457,39.8603,0.5438,0,13,0,5522.27,1125.99,40.51,1444.1899,0.856,18716.0,24.0755
2026-02-13,710,1801,146,0,0,0,62.0105,65.14,56.1004,22.6842,18.778,41.7777,0.8154,336,544,61,0,0,0,75.2391,73.5106,66.7382,17.4995,12.8852,30.6046,0.6785,374,1257,85,0,0,0,54.7522,60.517,50.1206,5.1848,5.8929,11.1731,1.8233,37.274,0.4216,0,6,2,5507.01,1106.08,41.57,1440.9,2.932,18726.0,23.8188
2026-02-19,1750,776,131,0,0,0,66.491,68.672,59.112,38.7712,4.5958,43.7192,0.8255,666,231,44,0,0,0,79.8087,78.1915,69.9571,26.5591,2.5343,29.1509,0.6265,1084,545,87,0,0,0,59.1837,63.4175,53.0157,12.2121,2.0615,14.5682,2.2673,33.0367,0.6967,0,11,0,5677.25,1160.71,42.56,1440.16,3.772,19132.0,26.1399
2026-02-20,1164,1333,160,0,0,0,65.1355,68.5585,59.7297,35.1657,9.9879,45.4228,0.8415,543,339,59,0,0,0,81.2965,79.5745,71.5665,27.8868,5.1069,33.064,0.6947,621,994,101,0,0,0,56.2682,62.478,53.076,7.2789,4.881,12.3588,1.9347,33.6162,0.8086,0,11,0,5808.53,1154.0,43.87,1447.75,1.805,19472.0,27.9916
2026-02-23,1406,1107,144,0,0,0,66.1898,70.6016,61.1197,30.6221,14.7473,45.8269,0.8443,543,346,52,0,0,0,83.1031,81.7021,73.6052,21.985,9.0477,31.418,0.656,863,761,92,0,0,0,56.9096,64.4745,54.1013,8.6371,5.6995,14.409,2.2571,31.6779,0.7519,0,16,0,5846.09,1151.99,46.34,1443.4399,2.135,19516.0,27.8923
2026-02-24,1288,1185,184,0,0,0,67.2816,71.8608,61.5592,33.7022,11.0304,45.3088,0.8182,405,464,72,0,0,0,84.1658,83.2979,73.176,23.8864,7.1947,31.5691,0.6453,883,721,112,0,0,0,58.0175,65.5516,55.0332,9.8158,3.8357,13.7397,2.1287,34.0251,0.8841,0,18,2,5969.64,1165.0,48.12,1442.2,2.981,19571.0,27.8512
2026-02-25,1078,1410,169,0,0,0,66.378,71.3043,60.9568,36.5431,12.0351,48.8728,0.8678,444,434,63,0,0,0,84.5909,82.8723,73.3906,28.9686,6.34,35.4822,0.7116,634,976,106,0,0,0,56.3848,64.9267,53.9759,7.5745,5.6951,13.3906,2.0743,33.641,0.6616,0,17,1,6083.86,1165.25,49.57,1439.99,2.447,19942.0,29.8335
2026-02-26,661,1871,125,0,0,0,57.4172,66.0242,58.3333,45.588,11.3272,57.337,0.9836,240,657,44,0,0,0,74.6015,78.5106,70.3863,32.7808,6.3699,39.3673,0.7614,421,1214,81,0,0,0,47.9883,59.1442,51.5663,12.8072,4.9573,17.9698,2.7281,35.8405,0.482,0,9,0,6307.27,1188.15,54.67,1426.9301,2.96,20065.0,30.1813
2026-02-27,724,1787,146,0,0,0,50.7154,62.977,56.8673,28.0781,40.0639,69.7587,1.2072,262,626,53,0,0,0,66.525,76.1702,68.3476,19.4234,34.9575,54.9749,1.0743,462,1161,93,0,0,0,42.0408,55.7118,50.4217,8.6547,5.1064,14.7838,2.2348,41.7629,0.3468,0,9,1,6244.13,1192.78,54.12,1432.3199,2.298,20015.0,29.4191
2026-03-03,246,2332,79,0,0,0,29.9699,48.2628,51.2346,14.5315,52.6716,67.233,1.2515,73,840,28,0,0,0,39.2136,60.255,62.8755,9.5555,41.439,51.0002,1.0757,173,1492,51,0,0,0,24.898,41.652,44.6988,4.9759,11.2326,16.2328,2.5715,40.6905,0.4849,0,15,0,5791.91,1137.7,62.98,1452.27,2.551,18944.0,22.15
2026-03-04,35,2554,68,0,0,0,6.5487,18.6863,33.2819,2.7978,71.8267,74.6332,1.5837,12,908,21,0,0,0,7.0138,22.9543,40.0215,1.3608,57.7359,59.0967,1.4173,23,1646,47,0,0,0,6.2937,16.3349,29.5003,1.437,14.0908,15.5364,2.8617,47.4527,0.5209,0,9,4,5093.54,978.44,80.37,1483.0699,1.931,16603.0,6.8904
2026-03-05,2520,59,78,0,0,0,19.044,36.0377,45.0482,57.5123,1.6196,60.6473,1.167,895,21,25,0,0,0,20.4038,42.7205,53.6481,42.1504,1.1953,44.8583,0.98,1625,38,53,0,0,0,18.2984,32.3581,40.2285,15.3618,0.4243,15.789,2.5494,44.3125,0.4372,0,18,1,5583.9,1116.41,73.71,1460.75,1.407,17906.0,15.0247
2026-03-06,1700,815,143,0,0,0,23.3346,40.8148,46.3405,28.9337,16.9354,46.1282,0.8837,520,362,60,0,0,0,22.6355,46.44,54.0773,16.8669,14.5997,31.5659,0.6895,1180,453,83,0,0,0,23.7179,37.7193,42.0072,12.0668,2.3357,14.5623,2.2697,37.6604,0.3624,0,11,2,5584.87,1154.67,62.72,1479.51,1.41,18163.0,16.4018
2026-03-09,224,2353,82,0,0,0,13.1728,29.4229,40.7165,7.7523,37.192,45.2925,0.9211,71,848,23,0,0,0,12.0085,32.7311,45.8155,3.3638,29.8276,33.1921,0.771,153,1505,59,0,0,0,13.8112,27.6023,37.8606,4.3885,7.3644,12.1004,1.9755,42.7822,0.691,0,4,1,5251.87,1102.28,71.82,1483.89,0.967,17358.0,11.0351
2026-03-10,2117,420,123,0,0,0,19.0817,36.3499,44.4145,36.7385,6.4212,43.5923,0.8427,753,145,44,0,0,0,16.7906,40.3826,50.8584,25.2314,2.9734,28.6046,0.6299,1364,275,79,0,0,0,20.338,34.1321,40.8053,11.5072,3.4478,14.9877,2.3724,41.437,0.4318,0,12,0,5532.59,1137.68,66.61,1464.47,1.05,17941.0,14.5081
2026-03-11,1829,691,140,0,0,0,24.0873,41.5158,47.2853,30.3259,11.9909,42.6166,0.8136,700,198,44,0,0,0,22.1041,46.865,54.721,20.5143,5.4279,26.1689,0.5681,1129,493,96,0,0,0,25.1748,38.5739,43.1231,9.8116,6.5631,16.4476,2.6052,34.1003,0.4253,0,20,0,5609.95,1136.83,63.19,1472.78,1.152,18282.0,16.3966
2026-03-12,1554,950,156,0,0,0,28.1144,44.4403,48.3064,19.8314,17.3367,37.7602,0.7234,568,320,54,0,0,0,25.8236,50.0531,56.2232,9.9775,13.2617,23.7473,0.5183,986,630,102,0,0,0,29.3706,41.3551,43.8776,9.8539,4.0749,14.013,2.1965,34.6755,0.7671,0,16,2,5583.25,1148.4,65.35,1475.34,1.047,18163.0,15.3619
2026-03-13,1201,1297,162,0,0,0,28.7919,44.6664,48.7495,16.8929,20.6775,38.012,0.7388,337,549,56,0,0,0,23.8045,48.6716,55.4721,7.1324,16.3056,23.5759,0.5234,864,748,106,0,0,0,31.5268,42.465,44.991,9.7605,4.3719,14.4361,2.253,34.7618,0.9305,1,9,0,5487.24,1152.96,60.76,1470.58,1.912,17971.0,13.8833
2026-03-16,762,1752,146,0,0,0,27.5122,41.2585,47.3846,18.4122,14.9676,34.8554,0.6714,247,644,51,0,0,0,22.2104,43.9957,53.4335,13.111,8.637,21.7978,0.4782,515,1108,95,0,0,0,30.4196,39.7548,44.0048,5.3012,6.3306,13.0576,2.0616,37.0929,1.4001,1,7,0,5549.85,1138.29,54.67,1501.75,2.186,17867.0,12.9785
2026-03-17,1564,928,169,0,0,0,29.9586,43.2931,48.6923,23.337,11.1498,34.6595,0.6583,629,256,57,0,0,0,24.6546,46.9713,55.0429,15.9825,5.9494,22.0086,0.4751,935,672,112,0,0,0,32.8671,41.2726,45.1439,7.3545,5.2004,12.6509,2.0003,34.7695,0.769,0,14,1,5640.48,1136.94,52.6,1488.91,2.039,18218.0,14.9335
2026-03-18,1612,894,155,0,0,0,36.2815,46.6466,49.5579,37.2262,4.4133,41.7365,0.7568,616,277,49,0,0,0,32.1998,51.5409,56.0557,25.5792,1.523,27.1514,0.5578,996,617,106,0,0,0,38.5198,43.958,45.9233,11.647,2.8904,14.5851,2.2529,41.1321,0.5537,0,10,0,5925.03,1164.38,54.18,1484.87,1.49,18786.0,18.2126
2026-03-19,617,1895,149,0,0,0,31.3511,41.3715,47.8862,13.1148,21.2426,34.6995,0.6463,203,678,61,0,0,0,25.9299,44.9522,54.0193,7.6194,15.1839,22.9617,0.4851,414,1217,88,0,0,0,34.324,39.4046,44.4578,5.4954,6.0586,11.7379,1.8465,37.2876,0.9696,0,9,1,5763.22,1143.48,55.47,1505.25,1.548,18534.0,16.3469
2026-03-20,1925,604,132,0,0,0,45.3143,48.3421,51.1914,25.0842,22.4122,48.1354,0.8929,738,160,44,0,0,0,44.102,55.1541,60.2358,15.9871,17.5439,34.0016,0.7167,1187,444,88,0,0,0,45.979,44.6001,46.1354,9.0971,4.8683,14.1337,2.1838,37.8032,0.683,0,14,0,5781.2,1161.52,55.64,1489.84,1.457,18830.0,17.9163
2026-03-23,215,2360,87,0,0,0,26.6842,35.4936,45.6956,5.9251,31.4796,37.6724,0.7464,51,860,31,0,0,0,22.6355,37.9384,51.9829,2.7451,23.9125,26.8061,0.6043,164,1500,56,0,0,0,28.9044,34.1506,42.1809,3.18,7.5671,10.8663,1.7784,37.568,0.5908,0,9,0,5405.75,1096.89,62.8,1504.21,1.939,17793.0,11.2111
2026-03-24,1927,592,143,0,0,0,35.717,39.2992,48.4243,27.2253,9.6898,37.1119,0.7161,703,190,49,0,0,0,31.9872,43.0393,55.4126,18.7176,5.9896,24.7975,0.5441,1224,402,94,0,0,0,37.7622,37.2446,44.5177,8.5077,3.7002,12.3143,1.9711,38.2944,0.8206,0,15,1,5553.92,1121.44,64.99,1485.36,1.705,18158.0,13.2688
2026-03-25,2009,495,158,0,0,0,51.1479,46.948,50.8071,27.5749,9.2402,38.2165,0.7244,718,162,62,0,0,0,46.44,50.3719,58.0922,17.6763,6.3675,24.4827,0.5289,1291,333,96,0,0,0,53.7296,45.0671,46.7346,9.8986,2.8728,13.7338,2.1236,35.8104,0.566,0,17,0,5642.21,1159.55,61.5,1497.3101,1.397,18553.0,15.4824
2026-03-26,580,1944,139,0,0,0,44.0723,41.0701,48.8086,10.6623,26.9795,38.3952,0.751,224,663,55,0,0,0,43.1456,45.0584,55.627,4.1048,20.8057,25.0309,0.5592,356,1281,84,0,0,0,44.5804,38.8792,44.997,6.5575,6.1737,13.3643,2.1012,38.6713,0.6657,0,11,0,5460.46,1136.64,59.85,1500.97,1.203,18450.0,14.6017
2026-03-27,1275,1187,202,0,0,0,48.3252,41.5976,49.4814,13.3376,21.2457,35.5404,0.6971,432,442,68,0,0,0,47.1838,45.271,56.2701,6.6006,16.8975,23.975,0.5377,843,745,134,0,0,0,48.951,39.5797,45.6886,6.737,4.3482,11.5653,1.8093,39.7092,1.0434,1,10,0,5438.87,1141.51,60.6,1508.36,1.317,18405.0,14.0823
2026-03-30,520,2030,114,0,0,0,37.1848,33.8855,45.6396,8.9697,21.5274,30.6421,0.6198,154,749,39,0,0,0,31.7747,33.475,49.8392,4.3636,16.3997,20.8894,0.4831,366,1281,75,0,0,0,40.1515,34.1108,43.2934,4.6061,5.1277,9.7527,1.5745,36.5737,0.8311,0,16,0,5277.3,1107.05,61.43,1516.13,1.503,17986.0,11.2788
2026-03-31,326,2223,115,0,0,0,27.0982,26.4307,42.0668,5.8059,33.7322,40.0724,0.8479,117,789,36,0,0,0,23.0606,25.0797,46.0879,3.701,25.6857,29.3986,0.7105,209,1434,79,0,0,0,29.3124,27.172,39.8204,2.1049,8.0465,10.6738,1.8133,43.602,0.8397,1,11,2,5052.46,1052.39,61.48,1503.33,1.343,17630.0,8.8926
2026-04-01,2350,209,106,0,0,0,48.4575,38.2907,48.2136,36.8227,3.4914,40.3246,0.7886,837,70,35,0,0,0,45.4352,39.2136,52.4116,27.1329,2.2255,29.3617,0.654,1513,139,71,0,0,0,50.1166,37.7843,45.8683,9.6899,1.2659,10.9629,1.7568,43.1724,0.743,1,11,0,5478.7,1116.18,61.65,1512.09,1.333,18543.0,14.287
2026-04-02,230,2330,105,0,0,0,24.7838,25.9036,42.5499,10.6683,34.8588,46.9115,0.9619,90,814,38,0,0,0,22.9299,24.8672,47.5884,6.5234,25.9678,32.5348,0.7591,140,1516,67,0,0,0,25.8008,26.4723,39.7367,4.145,8.891,14.3768,2.434,41.4165,1.132,1,5,0,5234.05,1056.34,58.91,1509.22,1.462,17857.0,9.8605
2026-04-03,1810,689,167,0,0,0,32.8195,30.497,45.3743,25.6077,5.9884,32.0973,0.6419,665,223,54,0,0,0,31.4225,30.6057,50.3751,19.0997,3.1065,22.2513,0.505,1145,466,113,0,0,0,33.5856,30.4373,42.5837,6.508,2.8819,9.846,1.6553,36.3085,0.8511,0,6,0,5377.3,1063.75,59.1,,1.313,18119.0,11.2487
2026-04-06,880,1609,178,0,0,0,29.0602,29.1039,44.5298,20.4331,10.8426,31.5359,0.6241,351,515,76,0,0,0,29.5117,29.8618,50.268,15.1778,6.229,21.5923,0.4833,529,1094,102,0,0,0,28.8126,28.688,41.3278,5.2553,4.6136,9.9436,1.6983,39.3385,0.7856,0,10,0,5450.33,1047.37,59.64,1507.85,0.913,18188.0,11.4448
2026-04-07,789,1672,206,0,0,0,26.3534,26.9955,43.5317,21.4191,11.6542,33.3717,0.6564,287,576,79,0,0,0,26.6454,27.3114,49.4105,17.0291,6.2745,23.5206,0.5221,502,1096,127,0,0,0,26.1932,26.8222,40.2512,4.3899,5.3797,9.8511,1.6996,40.1524,0.8389,0,11,0,5494.78,1036.73,59.49,1499.13,0.933,18069.0,10.4804
2026-04-08,2190,324,153,0,0,0,46.5789,36.9352,48.2534,45.2416,4.7563,50.0566,0.9228,784,104,54,0,0,0,50.4246,40.2763,53.0547,34.1876,2.5986,36.8389,0.765,1406,220,99,0,0,0,44.4703,35.102,45.5742,11.054,2.1577,13.2176,2.17,44.7372,0.4783,0,21,0,5872.34,1089.85,57.7,1477.6,0.863,18934.0,15.4839
2026-04-09,865,1596,206,0,0,0,42.4436,35.6551,47.9279,15.9365,26.3215,43.2097,0.8092,355,509,78,0,0,0,46.603,39.6387,54.2337,10.9537,21.5933,33.3855,0.7046,510,1087,128,0,0,0,40.163,33.4694,44.4112,4.9828,4.7282,9.8242,1.6326,44.5856,0.5808,0,12,0,5778.01,1076.0,53.96,1473.28,0.775,18964.0,15.3763
2026-04-10,2031,448,188,0,0,0,58.0609,42.9217,51.1896,30.2552,5.77,37.0065,0.6833,716,162,64,0,0,0,62.3142,47.3964,58.0922,19.7586,3.0013,23.6953,0.4931,1315,286,124,0,0,0,55.7301,40.4665,47.3401,10.4966,2.7687,13.3113,2.1779,35.9757,0.5795,0,15,0,5858.87,1093.63,49.58,,4.184,19260.0,16.8673
2026-04-13,1169,1258,240,0,0,0,57.9481,43.4864,51.6884,19.3662,13.6231,33.4481,0.622,344,522,76,0,0,0,58.5987,44.7396,57.5563,10.0214,11.2152,21.5512,0.4524,825,736,164,0,0,0,57.5916,42.7988,48.416,9.3448,2.4079,11.8969,1.937,34.1774,0.6615,0,21,0,5808.62,1099.84,50.14,1476.84,3.101,19017.0,15.1108
2026-04-14,1936,497,234,0,0,0,71.3266,50.3389,54.4129,33.8089,7.2289,41.4644,0.7511,669,197,76,0,0,0,70.8068,51.7535,60.343,22.0916,4.7359,26.9959,0.5516,1267,300,158,0,0,0,71.6114,49.5627,51.1058,11.7173,2.493,14.4685,2.3092,35.6166,0.524,0,20,0,5967.75,1121.88,49.87,1469.42,4.029,19403.0,17.1324
2026-04-15,1691,718,258,201,56,2590,77.9406,56.1912,56.792,40.1331,6.9774,47.476,0.8418,571,272,99,65,18,932,76.7516,56.6419,61.7363,27.2049,4.0796,31.5643,0.6318,1120,446,159,136,38,1658,78.5922,55.9441,54.0347,12.9281,2.8979,15.9117,2.4702,36.2202,0.4972,0,24,0,6091.39,1152.43,51.97,1474.0601,4.342,19699.0,18.5867
2026-04-16,1781,638,248,186,54,2590,84.0346,63.7938,60.2456,33.0784,9.765,43.1117,0.7488,656,205,81,60,18,932,85.0318,63.2306,65.3805,23.2302,3.6256,26.99,0.5285,1125,433,167,126,36,1658,83.4884,64.1026,57.3819,9.8482,6.1393,16.1217,2.4792,34.6701,0.406,0,21,5,6226.05,1162.97,50.47,1477.92,3.162,20080.0,20.5194
2026-04-17,1343,1052,272,177,57,2590,85.4245,66.353,61.5503,20.0623,19.6542,40.4891,0.7064,463,388,91,56,19,932,86.7304,65.2497,66.1308,9.6594,14.5809,24.6327,0.4851,880,664,181,121,38,1658,84.7093,66.958,58.9958,10.4029,5.0733,15.8564,2.4247,33.7327,0.6281,0,9,0,6191.92,1170.04,48.51,,2.64,20203.0,20.9005
2026-04-20,964,1437,266,171,58,2590,84.2224,65.0734,60.8212,23.7674,13.7263,37.874,0.6579,321,533,88,54,19,932,84.7134,62.4867,65.2733,13.5209,9.721,23.4926,0.4606,643,904,178,117,39,1658,83.9535,66.4918,58.3383,10.2465,4.0053,14.3814,2.19,33.0265,0.4514,0,14,0,6219.09,1174.85,50.32,1469.26,4.076,20168.0,20.3556
2026-04-21,1058,1347,262,161,59,2590,81.2993,66.0519,60.9747,37.622,9.6319,47.5213,0.8057,455,408,79,67,20,932,82.1656,63.762,65.702,27.4191,3.8818,31.3849,0.599,603,939,183,94,39,1658,80.8251,67.3077,58.3383,10.203,5.7501,16.1365,2.4513,36.2763,0.4311,0,15,0,6388.47,1179.03,51.63,1485.8,5.142,20464.0,21.7623
2026-04-22,1095,1304,268,189,62,2590,80.0676,64.7723,61.3968,28.0003,17.5519,46.0063,0.7767,396,463,83,82,21,932,80.4671,62.4867,66.3451,18.1524,12.7862,31.2649,0.5939,699,841,185,107,41,1658,79.849,66.0256,58.6372,9.8479,4.7656,14.7414,2.2362,32.6938,0.3392,0,13,0,6417.93,1181.12,52.12,1477.96,3.685,20642.0,22.4633
2026-04-23,870,1539,258,148,60,2590,77.7402,63.6432,60.3991,35.9733,18.1709,55.546,0.9305,356,505,81,71,20,932,79.9363,61.7428,64.4159,27.36,11.8522,40.5019,0.7622,514,1034,177,77,40,1658,76.5389,64.6853,58.159,8.6133,6.3186,15.044,2.2949,39.0892,0.3269,0,6,0,6475.81,1174.31,54.03,1479.95,3.21,20622.0,21.9913
2026-04-24,1724,679,264,211,57,2590,80.9309,68.0467,61.8189,30.5976,16.8069,47.8513,0.7997,619,235,88,84,19,932,83.3333,65.6748,66.3451,15.8626,14.1123,30.3089,0.5706,1105,444,176,127,38,1658,79.6167,69.3473,59.2947,14.735,2.6946,17.5425,2.6108,31.7715,0.2624,0,10,0,6475.63,1203.84,53.56,,3.086,20988.0,23.7918
2026-04-27,1396,998,273,225,58,2590,82.2139,70.6436,62.4328,40.536,10.1759,51.2238,0.8379,495,356,91,100,19,932,83.121,67.0563,66.6667,27.1569,6.066,33.5995,0.6189,901,642,182,125,39,1658,81.7179,72.6107,60.0717,13.3791,4.1099,17.6243,2.5753,35.8197,0.2025,0,15,1,6615.03,1226.18,54.95,1473.0,4.129,21131.0,24.2597
2026-04-28,978,1411,278,187,65,2590,78.7242,71.2458,62.2938,31.0899,19.6773,51.0421,0.8327,433,414,95,87,22,932,81.4225,69.7131,67.2026,24.2596,12.9069,37.2937,0.6842,545,997,183,100,43,1658,77.249,72.0862,59.5579,6.8303,6.7704,13.7484,2.0254,34.5622,0.3027,0,13,0,6641.02,1215.58,55.0,1471.99,2.299,21389.0,25.3984
2026-04-29,1250,1105,312,205,69,2590,77.6444,71.5092,63.3436,28.3562,15.871,47.3099,0.7661,477,365,100,102,24,932,80.1486,70.0319,68.8103,20.6472,10.787,31.6821,0.5768,773,740,212,103,45,1658,76.2761,72.3193,60.2985,7.709,5.0839,15.6278,2.2898,37.1226,0.3497,0,11,0,6690.9,1220.26,55.57,1487.38,3.492,21652.0,26.5565
2026-04-30,575,1820,273,121,69,2590,68.8414,67.4445,61.6181,18.8503,30.4112,49.6552,0.8165,193,666,83,50,22,932,71.1253,64.6121,66.4523,12.2911,23.0107,35.4289,0.6543,382,1154,190,71,47,1658,67.5942,68.9977,58.9254,6.5592,7.4005,14.2262,2.1343,33.6077,0.3821,0,9,0,6598.87,1192.35,54.34,1474.01,2.37,21294.0,24.1131
2026-05-04,1155,1243,270,208,84,2590,66.2917,67.7456,61.1729,49.6333,9.3981,59.2912,0.9301,392,473,77,88,30,932,66.879,64.5058,65.5949,36.3555,6.681,43.2296,0.7589,763,770,193,120,54,1658,65.971,69.5221,58.7112,13.2778,2.7171,16.0616,2.3669,40.4856,0.388,0,15,0,6936.99,1213.74,55.87,1476.05,3.05,21632.0,25.7137
2026-05-06,599,1838,231,201,120,2590,50.6937,59.5785,58.4674,60.8021,17.616,78.6299,1.1653,200,676,66,74,46,932,50.4246,57.492,61.9914,49.2137,11.1582,60.5112,0.9967,399,1162,165,127,74,1658,50.8406,60.7226,56.5036,11.5884,6.4578,18.1187,2.6786,45.8845,0.2617,0,14,0,7384.56,1210.17,60.07,1444.45,3.248,21662.0,25.5055
2026-05-07,785,1631,252,133,130,2590,44.0945,56.9439,57.1648,47.8823,20.3349,68.4,1.0024,352,502,88,52,45,932,47.3461,56.9607,61.349,37.9925,13.453,51.5206,0.8374,433,1129,164,81,85,1658,42.3188,56.9347,54.8329,9.8898,6.8819,16.8794,2.5146,44.4949,0.2907,0,9,0,7490.05,1199.18,61.05,1454.79,2.843,21662.0,25.1259
2026-05-08,1074,1328,266,149,124,2591,42.4447,57.8096,57.7778,32.6079,24.5967,57.5267,0.8416,367,499,76,51,45,932,46.1783,58.0234,62.5268,21.2939,19.753,41.1995,0.669,707,829,190,98,79,1659,40.4058,57.6923,55.1313,11.314,4.8437,16.3272,2.4115,42.1538,0.2184,0,16,0,7498.0,1207.72,60.53,,1.894,21597.0,24.3831
2026-05-11,534,1927,207,146,204,2592,32.6209,50.9221,53.964,52.7029,17.259,71.3449,1.0038,149,734,59,52,69,932,32.9087,50.5845,58.5653,40.1481,11.4726,51.8902,0.8071,385,1193,148,94,135,1660,32.4638,51.1072,51.4013,12.5548,5.7864,19.4547,2.8693,48.5962,0.3144,0,12,1,7822.24,1207.34,65.6,1474.45,2.551,21548.0,23.7423
2026-05-12,450,2012,207,95,255,2592,23.4721,42.9432,51.0149,20.981,62.8143,87.3592,1.2584,145,731,66,39,89,932,23.0361,41.9766,54.9251,11.1232,51.6448,66.3171,1.0562,305,1281,141,56,166,1660,23.7101,43.4732,48.8372,9.8578,11.1695,21.0421,3.1729,48.3254,0.3293,0,14,0,7643.15,1179.29,70.14,1492.99,1.642,21115.0,20.9033
2026-05-13,911,1522,236,135,217,2592,22.7597,41.7764,49.3298,50.4154,15.2542,66.1402,0.931,281,598,63,52,85,932,22.9299,39.5324,52.9979,42.0719,9.1935,51.6244,0.8012,630,924,173,83,132,1660,22.6667,43.007,47.2868,8.3435,6.0608,14.5158,2.1979,51.4298,0.3766,0,28,0,7844.01,1176.93,76.16,1489.84,1.202,21006.0,19.9496
2026-05-14,1475,939,255,120,111,2592,26.6217,45.3895,51.0532,39.7419,24.6991,65.7053,0.9095,645,221,76,45,33,932,29.724,48.2465,56.531,31.2771,20.4182,51.8294,0.7905,830,718,179,75,78,1660,24.9275,43.8228,48.0024,8.4648,4.2809,13.8759,2.0774,47.8917,0.2464,0,13,0,7981.41,1191.09,72.91,1493.34,0.839,21493.0,22.3507
2026-05-15,358,2088,224,65,222,2593,19.0101,35.2897,46.8403,12.4358,61.6863,74.5776,1.0988,166,703,73,25,53,932,23.1423,40.0212,52.8908,7.7562,49.495,57.6428,0.9368,192,1385,151,40,169,1661,16.7536,32.6923,43.4705,4.6796,12.1913,16.9348,2.6713,46.9366,0.2519,0,9,1,7493.18,1129.82,74.71,,4.306,21036.0,19.4294
2026-05-18,611,1867,192,77,313,2595,16.6854,31.0267,44.6572,37.1605,22.2341,59.6162,0.8768,204,686,52,20,88,932,19.0021,33.121,50.0,29.1254,15.7677,44.9848,0.7284,407,1181,140,57,225,1663,15.4203,29.8777,41.6816,8.0352,6.4664,14.6313,2.3477,49.256,0.2875,0,8,2,7516.04,1111.09,74.05,1492.3199,2.942,20579.0,16.5432
2026-05-19,564,1895,211,66,320,2596,13.9108,26.9549,41.8453,10.0409,41.2625,51.4908,0.7821,178,706,58,16,95,932,14.862,27.707,46.5739,3.7405,33.9296,37.7124,0.6312,386,1189,153,50,225,1664,13.3913,26.5425,39.2133,6.3004,7.3329,13.7784,2.2641,47.266,0.3437,0,9,0,7271.66,1084.36,72.51,1507.85,3.175,19913.0,12.5456
2026-05-20,318,2194,159,55,488,2596,10.8736,22.1053,37.7106,22.6503,20.943,53.5995,0.8226,90,811,41,16,146,932,10.7219,21.9745,41.6488,15.9903,14.7767,40.7118,0.6875,228,1383,118,39,342,1664,10.9565,22.1769,35.5185,6.66,6.1663,12.8877,2.1715,54.0554,0.3321,0,9,2,7208.95,1056.07,71.37,1499.77,3.311,19356.0,9.216
2026-05-21,1749,726,197,82,297,2596,14.1732,26.4662,41.1405,52.789,3.6942,56.582,0.8039,669,219,54,28,89,932,15.0743,28.1316,45.8244,42.8177,1.0534,43.9253,0.6845,1080,507,143,54,208,1664,13.6812,25.553,38.5348,9.9713,2.6408,12.6567,2.0375,52.4279,0.274,0,17,0,7815.59,1105.97,71.33,1504.4,3.285,20420.0,14.9531
2026-05-22,2210,313,149,116,77,2597,21.1474,32.6692,45.3328,34.7661,11.4229,46.4209,0.6543,786,117,39,33,26,932,21.7622,34.3949,49.6788,21.5071,9.5439,31.2774,0.4855,1424,196,110,83,51,1665,20.8116,31.7229,42.9167,13.259,1.879,15.1435,2.3225,41.6091,0.2739,0,10,1,7847.71,1161.13,66.97,,4.881,20902.0,17.37
2026-05-26,767,1729,176,113,182,2598,21.0724,31.2406,43.6711,44.8488,11.8086,56.9419,0.784,235,653,54,38,59,932,20.0637,31.4225,47.3233,32.7442,7.8601,40.8024,0.6179,532,1076,122,75,123,1666,21.6232,31.1409,41.6419,12.1046,3.9484,16.1395,2.4504,45.3243,0.2598,0,17,0,8047.51,1172.52,68.09,1505.4399,3.737,21081.0,18.0473
2026-05-27,255,2288,129,74,450,2599,14.6232,24.2766,38.3556,43.8383,26.6862,70.6468,0.9558,77,822,43,30,151,932,13.482,24.7346,41.7559,39.3575,16.3746,55.8296,0.8265,178,1466,86,44,299,1667,15.2464,24.0256,36.4664,4.4807,10.3116,14.8172,2.3259,54.0286,0.267,0,10,0,8228.7,1133.13,70.78,1503.11,3.923,20763.0,15.9635
2026-05-28,571,1943,158,67,477,2600,12.036,20.2931,36.2906,32.0809,34.5957,66.7408,0.9093,213,676,53,24,145,932,12.2081,20.913,38.9722,27.2313,26.7534,53.994,0.8036,358,1267,105,43,332,1668,11.942,19.9535,34.8007,4.8497,7.8423,12.7468,2.0543,53.4412,0.2767,0,12,1,8185.29,1104.36,71.6,1495.29,2.869,20519.0,14.3278
2026-05-29,479,2056,137,68,602,2600,10.3823,17.0988,33.2951,70.7508,22.1444,93.137,1.2311,206,685,51,35,186,932,11.3588,19.1083,37.5401,67.6554,13.2619,81.1291,1.1654,273,1371,86,33,416,1668,9.8494,15.9977,30.934,3.0954,8.8825,12.0079,1.989,55.6258,0.2475,0,8,1,8476.15,1074.8,74.26,,5.614,20837.0,15.7893
2026-06-01,398,2153,121,66,794,2601,8.5457,14.2052,29.5872,63.5301,22.6381,86.2924,1.1031,178,728,36,33,251,933,10.4034,16.9851,34.5455,60.0269,14.1874,74.2497,1.0265,220,1425,85,33,543,1668,7.5319,12.6818,26.8293,3.5032,8.4507,12.0427,2.0429,56.7324,0.262,0,10,0,8788.38,1050.03,74.22,1511.27,4.905,21215.0,17.5466
2026-06-02,699,1830,143,55,666,2602,8.0585,12.9226,27.2936,38.7401,42.469,81.3363,1.0399,269,632,41,24,204,933,11.1465,15.9236,31.8717,34.0963,35.9476,70.0821,0.9674,430,1198,102,31,462,1669,6.3731,11.2791,24.7472,4.6438,6.5213,11.2543,1.9492,59.5227,0.2904,0,8,1,8801.49,1026.03,73.6,1516.6,2.852,20613.0,13.9086
2026-06-04,1235,1280,157,55,498,2602,8.6207,13.5237,27.1789,18.6302,39.6613,58.4938,0.7602,442,447,53,21,147,933,10.9342,16.6667,31.4439,9.9812,37.2511,47.4162,0.6675,793,833,104,34,351,1669,7.3581,11.8023,24.8067,8.6491,2.4102,11.0776,1.8756,54.808,0.3339,0,10,1,8639.41,1049.73,73.44,1533.0699,3.666,20673.0,13.9533
2026-06-05,583,1939,150,49,632,2602,6.7091,10.9316,24.8758,9.3911,47.4375,57.9129,0.7961,223,670,49,15,184,933,8.811,13.6943,29.4118,5.9502,41.1443,48.1705,0.7178,360,1269,101,34,448,1669,5.562,9.4186,22.3543,3.4409,6.2932,9.7424,1.7288,58.4821,0.3002,0,5,0,8160.59,1002.44,73.44,,2.314,20176.0,10.9639
2026-06-08,108,2455,109,43,1092,2602,3.8231,6.8719,19.1441,5.4849,49.9544,55.8992,0.8385,40,872,30,14,349,933,4.8832,8.2803,23.5294,4.5114,42.9297,47.4411,0.7709,68,1583,79,29,743,1669,3.2445,6.1011,16.7063,0.9736,7.0247,8.4581,1.6506,61.4086,0.2825,0,8,1,7484.41,911.39,76.63,1528.88,1.375,18655.0,2.4353
2026-06-09,2167,371,135,51,219,2602,6.5193,9.4219,22.4303,49.9177,7.2242,58.2367,0.8088,771,131,40,17,72,933,7.9618,11.5711,27.0588,40.71,6.2329,48.0168,0.7214,1396,240,95,34,147,1669,5.7325,8.2462,19.8573,9.2077,0.9913,10.2199,1.8757,58.1401,0.3245,0,7,1,8096.93,967.81,91.23,1525.8101,1.088,19545.0,7.1083
2026-06-10,817,1695,161,51,317,2602,6.5193,8.4084,21.7042,8.7791,39.392,48.4768,0.7038,342,549,51,16,87,933,8.0679,10.1911,26.631,5.7054,33.8232,39.5803,0.6231,475,1146,110,35,230,1669,5.6746,7.4332,18.9655,3.0737,5.5688,8.8965,1.6604,54.5593,0.3689,0,8,0,7730.82,951.63,88.35,1525.05,0.988,18988.0,3.8832
2026-06-11,1770,747,157,62,168,2603,10.4534,10.0225,23.5384,37.4531,21.0024,61.0113,0.8789,576,317,49,20,54,933,12.845,11.5711,28.3422,25.0574,19.396,46.9364,0.7356,1194,430,108,42,114,1670,9.1488,9.1754,20.868,12.3957,1.6064,14.0749,2.5083,52.8202,0.3655,0,13,0,7763.95,996.93,87.3,1517.38,0.987,19490.0,6.4386
2026-06-12,2035,490,149,65,98,2603,16.7416,12.4203,25.974,55.9251,11.8445,67.8649,0.9351,754,143,45,19,23,933,21.0191,14.5435,31.5508,43.352,7.7251,51.1343,0.7657,1281,347,104,46,75,1670,14.4097,11.2594,22.8758,12.5732,4.1194,16.7306,2.8904,51.5771,0.2483,0,13,0,8123.62,1029.05,89.91,,3.925,20082.0,9.4483
2026-06-15,1643,850,181,54,87,2603,24.4195,13.9212,27.9878,44.5278,6.8172,51.5337,0.6775,675,205,62,17,24,933,34.6072,18.259,35.8289,37.3196,2.5767,40.0401,0.57,968,645,119,37,63,1670,18.8657,11.5496,23.6342,7.2082,4.2406,11.4936,1.9758,51.6354,0.2892,0,13,0,8545.98,1034.03,87.85,1513.3101,6.636,20718.0,12.6562
2026-06-16,1252,1230,192,55,97,2603,28.5768,14.6287,28.0916,37.3079,11.7061,49.4381,0.638,516,360,66,22,23,933,42.9936,20.913,36.6845,33.5726,6.6621,40.6027,0.5658,736,870,126,33,74,1670,20.7176,11.1949,23.3234,3.7353,5.0441,8.8353,1.5412,48.7503,0.558,0,11,1,8726.6,1018.68,84.29,1510.96,7.374,21130.0,14.6154
2026-06-17,1295,1162,217,58,79,2604,31.4115,14.4732,28.0427,33.219,12.3492,45.7902,0.5818,351,523,68,21,20,933,42.9936,19.1083,35.1872,26.6401,9.3807,36.0854,0.495,944,639,149,37,59,1671,25.1012,11.942,24.0807,6.579,2.9685,9.7049,1.6692,50.9232,0.5213,0,11,0,8864.24,1031.96,79.65,1525.42,9.519,20912.0,13.1684
2026-06-18,337,2192,145,55,183,2605,21.9311,11.3236,25.3623,41.8193,18.2143,60.134,0.7502,110,789,43,17,47,933,28.0255,13.5881,31.6578,38.3956,12.7231,51.1338,0.6861,227,1403,102,38,136,1672,18.6127,10.087,21.8731,3.4237,5.4912,9.0002,1.5967,63.4711,0.3646,0,15,0,9063.84,1000.93,80.25,1537.5601,8.547,20136.0,8.7482
2026-06-19,308,2227,139,56,408,2605,13.6602,8.6614,21.9977,36.643,39.2131,76.1137,0.9534,115,785,42,18,112,933,16.3482,10.828,27.3797,35.0671,31.2441,66.5101,0.894,193,1442,97,38,296,1672,12.1965,7.4783,19.0166,1.5759,7.9691,9.6036,1.7646,64.0672,0.2734,0,9,1,9052.42,966.59,83.57,,5.728,19953.0,7.5528
2026-06-22,503,1997,174,59,596,2605,11.4147,7.9865,20.3887,29.2551,21.7958,51.2597,0.6377,149,737,56,18,169,933,11.3588,8.9172,24.9198,23.0638,18.8215,42.0581,0.5613,354,1260,118,41,427,1672,11.4451,7.4783,17.8804,6.1913,2.9743,9.2016,1.6877,64.4508,0.2978,0,11,2,9114.55,968.4,87.36,1539.05,5.444,19416.0,4.488
2026-06-23,140,2405,129,44,1068,2605,6.9237,5.0619,15.1677,2.118,63.7834,66.0477,0.9115,45,856,41,12,331,933,6.5817,5.9448,18.8235,1.0247,56.7721,57.8161,0.8573,95,1549,88,32,737,1672,7.1098,4.5797,13.1439,1.0932,7.0112,8.2316,1.6399,67.1511,0.3006,0,12,1,8203.84,891.52,89.41,1535.25,6.885,18243.0,-1.9331
2026-06-24,1378,1107,189,42,585,2606,9.1692,5.9993,15.968,47.9439,14.7696,62.9107,0.8413,513,367,62,12,159,933,9.5541,6.7941,19.1444,43.6398,12.1172,55.8939,0.8024,865,740,127,30,426,1673,8.9595,5.5652,14.2096,4.3041,2.6524,7.0168,1.3696,71.4368,0.2835,0,18,1,8471.02,909.31,94.81,1542.76,4.331,18427.0,-1.0746
2026-06-25,670,1833,171,44,810,2606,9.5808,5.3618,14.6723,48.0339,10.5647,58.8917,0.7498,290,587,65,13,235,933,11.1465,6.7941,18.5027,45.5707,6.4294,52.0758,0.7081,380,1246,106,31,575,1673,8.7283,4.5797,12.5518,2.4631,4.1353,6.8159,1.3625,70.8273,0.3465,0,11,8,8930.3,887.81,95.09,1546.48,8.52,18382.0,-1.4423
2026-06-26,308,2218,148,47,1137,2606,8.009,4.7244,12.843,3.5064,57.9857,61.692,0.8331,110,779,53,12,359,933,8.5987,6.5817,16.6845,1.1,52.4842,53.6104,0.7741,198,1439,95,35,778,1673,7.6879,3.7101,10.7164,2.4064,5.5015,8.0815,1.6846,67.6954,0.4773,0,11,4,8411.21,851.37,92.71,,4.693,17592.0,-5.776
2026-06-29,2328,226,120,46,114,2606,17.6272,6.9366,16.7302,18.8982,31.4787,50.8901,0.6856,817,89,36,11,34,933,19.8514,8.4926,20.9626,12.9491,30.0449,43.0655,0.6238,1511,137,84,35,80,1673,16.4162,6.087,14.3872,5.9491,1.4338,7.8246,1.5088,62.7695,0.6141,0,20,1,8394.65,920.57,96.94,1541.73,3.716,18755.0,0.3003
2026-06-30,938,1571,166,53,134,2606,17.8892,7.724,16.5777,39.3312,9.9427,49.7284,0.6642,263,621,58,13,44,933,18.3652,9.3418,20.4278,34.7828,7.1959,42.2547,0.6062,675,950,108,40,90,1673,17.6301,6.8406,14.4464,4.5484,2.7468,7.4737,1.4476,64.2589,0.3732,0,16,0,8476.48,916.18,93.8,1548.61,4.583,18506.0,-1.1606
2026-07-01,1873,643,160,62,108,2606,26.9461,9.2988,18.9405,21.7003,28.6241,51.2396,0.6972,700,194,48,15,31,933,28.4501,11.3588,23.2086,15.6504,24.0964,39.8633,0.584,1173,449,112,47,77,1673,26.1272,8.1739,16.5779,6.0499,4.5277,11.3763,2.1718,57.956,0.342,0,28,2,8303.41,929.35,88.67,1551.8101,3.454,18730.0,-0.1076
2026-07-02,586,1933,158,44,181,2606,22.3054,8.5864,15.968,6.2235,49.4525,55.8047,0.8239,278,617,47,13,43,933,26.327,10.5096,21.4973,5.3088,42.7306,48.1211,0.7657,308,1316,111,31,138,1673,20.1156,7.5362,12.907,0.9148,6.7219,7.6836,1.5729,63.485,0.376,0,12,4,7648.09,866.72,86.41,1542.13,1.821,18775.0,-0.0146
2026-07-03,1657,839,181,45,116,2606,27.3475,9.1864,16.6921,45.9973,8.2867,54.4853,0.7627,589,296,57,12,29,933,32.4841,11.6773,22.6738,41.9935,5.3476,47.5246,0.7142,1068,543,124,33,87,1673,24.5523,7.8261,13.3807,4.0038,2.9391,6.9607,1.4214,67.6348,0.5604,1,9,1,8088.34,868.41,89.29,,1.627,18834.0,0.1456
2026-07-06,1126,1367,184,49,119,2606,29.48,10.5362,16.311,15.4712,21.5166,37.6258,0.5295,462,413,67,16,30,933,38.535,14.2251,23.6364,14.044,17.7776,31.8645,0.4808,664,954,117,33,89,1673,24.5523,8.5217,12.2558,1.4272,3.739,5.7613,1.2058,61.9622,0.7632,0,14,0,8051.33,847.07,86.86,1528.76,2.281,18621.0,-1.129
2026-07-07,821,1673,184,44,202,2606,28.4218,10.4237,15.1619,6.9316,39.8057,47.0254,0.6947,356,513,73,15,47,933,38.1104,15.2866,22.0321,4.841,35.6747,40.7825,0.6474,465,1160,111,29,155,1673,23.1524,7.7681,11.3609,2.0906,4.131,6.2429,1.3296,63.7366,0.6371,0,6,1,7656.31,831.23,85.69,1519.86,1.19,18536.0,-1.719
2026-07-08,352,2178,148,45,424,2606,21.2042,8.7739,13.5238,3.2383,43.7195,47.0824,0.7351,125,764,53,14,92,933,28.6624,12.4204,20.0,2.1199,38.938,41.1726,0.6906,227,1414,95,31,332,1673,17.1478,6.7826,9.9408,1.1184,4.7815,5.9098,1.3333,64.0988,0.747,0,7,1,7246.79,785.0,87.9,1503.35,1.0,17950.0,-4.9381
2026-07-09,977,1522,179,45,363,2606,19.0352,8.2865,13.5238,33.0929,12.0583,45.2245,0.7016,238,650,54,13,101,933,21.8684,10.1911,18.6096,28.926,10.4005,39.3677,0.6564,739,872,125,32,262,1673,17.4942,7.2464,10.7101,4.1668,1.6577,5.8568,1.3065,61.0607,0.5156,0,9,0,7291.91,794.0,85.48,1505.91,0.862,17662.0,-6.5553
2026-07-10,2266,273,139,49,96,2606,32.4981,12.1485,15.8857,25.47,12.6049,38.1507,0.5759,801,92,49,17,22,933,36.0934,14.6497,21.7112,19.6078,11.5923,31.2402,0.5078,1465,181,90,32,74,1673,30.5427,10.7826,12.6627,5.8622,1.0125,6.9105,1.4624,56.4016,0.6041,0,10,7,7475.94,837.43,78.15,,1.753,18313.0,-3.2295
2026-07-13,380,2147,151,46,292,2607,24.009,10.5322,14.1714,4.8398,39.8908,45.3731,0.75,178,716,48,16,68,933,28.9809,12.4204,19.4652,3.6981,34.7147,38.4606,0.6869,202,1431,103,30,224,1674,21.3048,9.5017,11.2426,1.1417,5.1761,6.9125,1.5347,64.1546,0.6789,0,7,2,6806.93,799.36,83.33,1497.7,1.519,17821.0,-5.9263
2026-07-14,652,1842,185,48,443,2608,22.2139,9.97,13.0667,39.0736,15.4138,54.5492,0.8964,220,660,62,14,107,933,26.1146,11.6773,17.4332,35.7571,11.9771,47.7744,0.8465,432,1182,123,34,336,1675,20.0924,9.0382,10.6509,3.3164,3.4367,6.7748,1.5342,67.8504,0.6463,0,11,0,6856.83,783.98,83.97,1487.88,1.244,17428.0,-8.0837
2026-07-15,2160,353,166,57,108,2608,34.555,12.8936,15.1238,39.3201,1.2993,40.7948,0.6313,711,168,63,17,41,933,36.3057,15.3928,20.0,33.4944,0.7169,34.3412,0.5728,1449,185,103,40,67,1675,33.6028,11.5295,12.426,5.8257,0.5824,6.4536,1.3812,61.8683,0.6754,0,21,1,7284.41,829.43,85.79,1486.2,1.475,17865.0,-5.8713
2026-07-16,861,1638,180,56,170,2609,35.8265,13.0435,14.019,4.7303,29.2315,34.1944,0.5651,383,489,70,20,53,933,41.2951,16.1359,18.9305,3.7001,25.6594,29.5843,0.5277,478,1149,110,36,117,1676,32.8522,11.3557,11.3018,1.0302,3.5721,4.6102,1.0358,61.8641,1.2183,0,16,1,6820.6,791.84,87.14,1478.85,1.209,17900.0,-5.7734
2026-07-20,274,2258,147,48,558,2610,24.4577,11.057,12.1858,2.1784,31.7675,33.9521,0.5873,98,799,45,16,162,934,28.5563,14.0127,16.2567,0.9013,28.3189,29.2225,0.5452,176,1459,102,32,396,1676,22.2286,9.4438,9.9349,1.2771,3.4486,4.7296,1.1219,63.3076,0.8821,0,12,7,6516.27,749.64,86.87,1475.01,1.112,17120.0,-9.9203
2026-07-21,1439,1023,217,48,338,2610,25.6545,11.6567,12.6047,24.5989,3.9665,29.5988,0.4952,486,381,75,14,108,934,26.9639,12.9512,16.2567,21.8557,2.1633,25.0004,0.4501,953,642,142,34,230,1676,24.9423,10.9502,10.5855,2.7432,1.8032,4.5984,1.0895,59.3758,1.2555,2,19,8,6747.95,753.34,84.89,1479.72,0.929,17150.0,-9.8009
2026-07-22,1284,1167,228,48,271,2610,26.5146,11.6898,13.1759,17.5825,14.8792,32.6465,0.5425,470,398,74,15,76,934,27.707,12.845,17.3262,15.2336,12.0545,27.4431,0.4902,814,769,154,33,195,1676,25.8661,11.0596,10.8811,2.3488,2.8247,5.2034,1.2399,59.687,0.8415,0,14,4,6797.7,751.09,82.79,1475.63,1.26,17632.0,-7.317
2026-07-23,2241,303,135,57,83,2611,46.4847,15.9236,15.2323,30.3953,2.3143,32.7605,0.5214,831,74,37,21,19,934,52.3355,20.5945,21.2834,25.8783,1.3335,27.2592,0.4666,1410,229,98,36,64,1677,43.3025,13.3758,11.8865,4.5171,0.9808,5.5013,1.2485,53.2096,0.6038,0,13,1,7096.89,790.28,80.46,1474.04,1.225,18327.0,-3.7431
2026-07-24,661,1830,188,51,146,2611,37.9207,15.8112,13.4806,6.3762,28.4497,35.3403,0.5967,301,587,54,19,29,934,45.1168,20.4883,19.0374,5.5359,24.6768,30.4127,0.5524,360,1243,134,32,117,1677,34.0069,13.26,10.408,0.8404,3.7729,4.9276,1.1818,58.7306,0.7465,0,12,1,6690.62,748.22,78.65,,0.961,17890.0,-6.0918
2026-07-27,1472,989,219,48,131,2611,39.1402,17.7154,13.8233,21.5932,7.056,28.846,0.4819,498,372,72,16,31,934,45.4352,23.2484,19.1444,17.9892,6.3711,24.4417,0.4396,974,617,147,32,100,1677,35.7184,14.6991,10.8811,3.604,0.6849,4.4043,1.033,60.4557,0.671,0,10,3,6755.75,764.86,77.55,1464.4399,0.913,17905.0,-6.058
2026-07-28,166,2400,115,42,571,2611,18.6846,12.2097,10.2818,1.4055,38.5595,39.9726,0.7473,37,878,27,12,154,934,21.4437,14.7558,13.6898,0.3729,34.957,35.3306,0.713,129,1522,88,30,417,1677,17.1857,10.8218,8.3974,1.0325,3.6025,4.642,1.1796,67.2123,0.5647,0,14,4,6023.66,705.85,83.43,1453.16,0.677,17001.0,-10.8163
2026-07-29,217,2323,141,43,1008,2611,10.833,9.1011,7.997,2.9601,52.2249,55.2368,1.0976,91,806,45,13,292,934,11.8896,11.5711,10.8021,1.5116,47.285,48.8422,1.0474,126,1517,96,30,716,1677,10.2594,7.7546,6.4459,1.4485,4.9399,6.3946,1.7311,66.6065,0.5763,0,4,4,5663.24,662.68,87.79,1442.28,0.75,16355.0,-14.1878
2026-07-30,1322,1181,178,43,559,2611,13.4852,10.8574,8.6791,7.6548,33.7442,41.844,0.8428,608,278,56,12,108,934,18.1529,15.8174,12.6068,6.5602,30.4958,37.4765,0.8137,714,903,122,31,451,1677,10.951,8.155,6.505,1.0946,3.2483,4.3675,1.2156,64.555,0.6269,0,9,0,5593.56,644.78,86.18,1420.6,0.645,16465.0,-13.5877
2026-07-31,2314,228,139,45,85,2612,27.5308,15.494,11.496,54.068,2.1398,56.2865,0.9637,776,127,39,13,20,934,32.2718,20.5945,15.7051,48.8354,1.8971,50.7446,0.9329,1538,101,100,32,65,1678,24.9568,12.7168,9.1662,5.2326,0.2427,5.5419,1.3819,69.1874,0.3647,0,27,0,6595.45,719.76,84.35,,0.554,17215.0,-9.6594
2026-08-03,1591,873,217,46,90,2612,34.6154,16.3548,11.6102,9.4719,21.7553,31.5827,0.567,456,419,67,13,22,934,33.5456,18.4713,15.5983,5.2253,20.7055,26.1157,0.5062,1135,454,150,33,68,1678,35.1959,15.2023,9.4027,4.2465,1.0499,5.467,1.3303,61.2177,0.6054,0,14,0,6257.45,737.35,80.78,1428.5,0.737,17145.0,-10.0284
2026-08-04,2261,256,164,52,74,2613,59.1113,25.0749,13.8942,32.3094,2.166,34.6482,0.6106,789,96,57,15,19,934,57.6433,28.1316,18.2692,26.7228,1.8356,28.7269,0.5483,1472,160,107,37,55,1679,59.9078,23.4104,11.4725,5.5866,0.3304,5.9213,1.3606,58.4917,0.7148,0,12,0,6358.95,780.72,82.05,1428.4301,0.46,17715.0,-7.0551
2026-08-05,1992,486,203,49,67,2614,71.7326,31.1751,15.8736,29.3579,2.5039,31.9835,0.5437,675,197,70,13,19,934,69.8514,34.9257,20.5128,24.0471,1.4233,25.5804,0.4705,1317,289,133,36,48,1680,72.7535,29.1329,13.3057,5.3107,1.0806,6.403,1.4359,52.7837,0.7112,0,11,0,6598.26,799.59,78.55,1421.16,0.713,18060.0,-5.2645
2026-08-06,1205,1247,229,62,73,2615,72.4421,34.9177,15.8356,8.4946,23.6177,32.2795,0.573,491,382,69,19,18,934,72.0807,41.0828,20.9402,4.84,21.2254,26.1653,0.5045,714,865,160,43,55,1681,72.6382,31.5607,13.0101,3.6545,2.3923,6.1142,1.3679,56.0206,0.6192,0,10,0,6296.38,801.67,77.17,1422.3,0.638,18360.0,-3.7281
2026-08-07,1352,1117,212,60,70,2615,74.0105,38.6602,16.1401,14.9463,14.6809,29.7801,0.5318,554,323,65,22,16,934,75.69,46.0722,21.9017,12.3698,12.0946,24.5618,0.4765,798,794,147,38,54,1681,73.0991,34.6243,12.9509,2.5766,2.5863,5.2183,1.1716,53.8101,0.5304,0,9,0,6258.77,798.81,75.59,,0.764,18465.0,-3.2479
2026-08-10,2093,404,184,67,65,2615,82.7174,50.7485,18.8047,14.8739,11.2839,26.2238,0.4629,698,183,61,19,15,934,82.1656,55.6263,24.5726,7.8723,11.0622,18.9937,0.366,1395,221,123,48,50,1681,83.0167,48.0925,15.6121,7.0016,0.2218,7.23,1.5175,45.3412,0.6727,0,11,0,6299.66,854.47,69.55,1417.3101,0.649,18740.0,-1.8573
2026-08-11,1655,812,214,66,64,2616,85.8156,56.1003,20.2132,20.0815,8.6183,28.8421,0.5051,564,309,69,23,16,935,84.9257,59.1295,26.2821,15.6954,6.2214,22.0206,0.4209,1091,503,145,43,48,1681,86.2982,54.4509,16.8539,4.3862,2.3969,6.8215,1.4261,50.2852,0.7969,0,12,0,6345.53,857.84,61.68,1412.1801,0.675,18700.0,-2.0945
2026-08-12,1232,1217,232,55,66,2616,85.0317,57.2605,19.8706,27.9819,5.506,33.7717,0.5722,381,477,84,18,17,935,83.8641,58.4926,24.4658,23.9962,3.1453,27.2395,0.5023,851,740,148,37,49,1681,85.6649,56.5896,17.327,3.9858,2.3607,6.5322,1.3631,54.0695,0.5734,0,10,0,6579.04,858.91,56.48,1416.46,0.842,18590.0,-2.7087
2026-08-13,937,1523,222,54,80,2616,82.4188,56.7365,20.099,34.7045,6.2334,42.0748,0.6905,334,533,75,17,20,935,80.3609,57.8556,25.0,30.3466,3.898,34.6672,0.6178,603,990,147,37,60,1681,83.5348,56.1272,17.3862,4.3579,2.3354,7.4076,1.5394,54.0831,0.4967,0,10,1,6813.34,861.37,55.28,1416.85,0.735,18835.0,-1.4864
2026-08-14,1555,926,202,64,80,2616,84.3598,61.5269,21.279,28.6201,5.9491,34.7968,0.5582,678,204,60,24,21,935,86.518,66.0297,27.9915,24.4705,2.6893,27.2924,0.4746,877,722,142,40,59,1681,83.1894,59.0751,17.5636,4.1496,3.2599,7.5044,1.5529,52.399,0.5846,0,10,0,6977.94,864.65,55.31,,1.13,19090.0,-0.199
2026-08-18,543,1948,192,57,93,2617,74.5427,51.6648,19.4518,14.5131,21.3208,37.306,0.6091,195,684,63,22,22,935,76.7516,57.2187,25.2137,11.692,17.0482,29.1861,0.5159,348,1264,129,35,71,1682,73.3448,48.6424,16.2626,2.8211,4.2725,8.1199,1.7382,55.3665,0.7358,1,13,1,6869.83,834.2,56.97,1413.58,1.075,18610.0,-2.7227
2026-08-19,547,1948,189,54,111,2617,62.0381,44.0703,18.289,5.0928,23.8538,29.0289,0.5015,172,704,66,16,29,935,62.2081,47.1338,23.5608,2.3858,20.5687,22.9853,0.4315,375,1244,123,38,82,1682,61.9459,42.4032,15.3664,2.707,3.2851,6.0436,1.31,54.6802,0.6887,0,9,2,6471.17,824.46,60.63,1389.4,0.907,18220.0,-4.7523
2026-08-20,1570,884,230,53,88,2617,65.9574,49.626,19.0114,28.6821,5.1739,34.1812,0.5589,523,338,81,17,23,935,65.0743,52.017,23.9872,24.3901,3.8235,28.4369,0.5037,1047,546,149,36,65,1682,66.4364,48.3256,16.253,4.292,1.3504,5.7443,1.2212,60.8488,0.4592,0,9,1,6852.58,840.89,57.26,1390.79,0.812,18420.0,-3.6949
2026-08-21,435,2050,199,52,130,2617,48.8806,40.1645,16.9582,21.6738,11.6874,34.2264,0.5561,194,683,65,17,42,935,51.5924,43.8429,21.2154,20.503,7.7383,28.9353,0.5071,241,1367,134,35,88,1682,47.4108,38.164,14.5981,1.1708,3.9491,5.2911,1.1793,60.7592,0.4417,0,4,2,6912.95,801.94,58.03,1386.09,0.874,18075.0,-5.4729
2026-08-24,1469,969,247,52,98,2617,53.674,44.0539,17.6046,9.3288,20.3878,30.2459,0.5063,579,287,76,19,26,935,59.5541,49.0446,22.3881,6.7932,18.827,25.8762,0.4688,890,682,171,33,72,1682,50.4888,41.3395,14.9527,2.5356,1.5609,4.3697,0.9601,62.3773,0.4135,0,7,2,6696.96,813.33,56.76,1380.76,0.812,18480.0,-3.3285
2026-08-25,1792,678,216,61,80,2618,61.8426,50.8227,19.0875,19.5441,3.9223,29.4598,0.4889,646,226,70,24,16,935,68.1529,55.5202,24.8401,15.8625,2.9695,24.6718,0.4435,1146,452,146,37,64,1683,58.4244,48.2679,15.8983,3.6815,0.9527,4.7881,1.0342,56.4228,0.4001,0,6,0,6742.74,827.15,56.29,1381.49,0.956,18640.0,-2.4576
2026-08-26,1464,966,259,59,80,2619,63.9687,55.2356,19.7263,20.5373,6.2158,27.3238,0.4494,586,275,83,22,16,935,71.5499,61.3588,25.7996,18.2552,4.4023,22.9008,0.4077,878,691,176,37,64,1684,59.862,51.9053,16.3615,2.2822,1.8135,4.423,0.9557,52.4229,0.4712,0,10,0,6808.21,826.87,55.59,1383.49,0.92,19025.0,-0.4224
2026-08-27,1126,1313,250,49,77,2620,58.784,57.255,19.6503,22.0787,5.9799,28.3772,0.4602,319,539,86,15,18,935,62.6327,60.1911,25.1599,18.1111,4.6879,22.9167,0.4022,807,774,164,34,59,1685,56.6993,55.6582,16.5978,3.9675,1.2921,5.4605,1.1649,51.5402,0.5547,0,6,0,6912.37,837.65,53.01,1380.45,0.776,18990.0,-0.5814
2026-08-28,1588,887,214,70,69,2621,59.5673,62.3785,21.0566,10.2527,15.8382,26.3834,0.4352,641,239,64,28,15,935,66.6667,67.3036,27.2921,7.5739,13.6578,21.4805,0.384,947,648,150,42,54,1686,55.7217,59.6998,17.6019,2.6788,2.1804,4.9029,1.0449,51.4366,0.6161,0,8,0,6788.88,838.41,50.08,1371.78,0.877,19195.0,0.5233
2026-08-31,1079,1357,253,59,71,2622,55.9493,62.0793,20.7146,23.7252,9.4716,33.31,0.5474,367,489,88,20,17,935,63.0573,66.1359,26.7591,21.2104,6.587,27.8793,0.4963,712,868,165,39,54,1687,52.0989,59.873,17.3656,2.5147,2.8846,5.4307,1.1632,51.0866,0.3472,0,8,1,6820.02,834.29,46.05,1366.62,1.079,19120.0,0.1702
2026-09-01,1109,1352,228,58,65,2623,53.1891,62.528,20.8587,15.2647,8.5289,23.8721,0.3918,447,422,75,19,14,935,62.4204,68.0467,27.3987,13.2785,5.9142,19.2374,0.3415,662,930,153,39,51,1688,48.1886,59.5266,17.2373,1.9863,2.6148,4.6347,1.008,49.3133,0.6449,0,7,1,6835.8,821.25,44.03,1372.86,1.136,19055.0,-0.1302
2026-09-02,474,2013,202,48,99,2624,39.2764,55.7218,18.959,3.3196,20.4709,23.9411,0.4085,139,736,69,13,23,935,43.4183,61.465,24.2004,1.2766,17.2587,18.5875,0.3435,335,1277,133,35,76,1689,37.0328,52.5982,16.0567,2.043,3.2122,5.3536,1.1895,47.1535,0.7659,0,8,4,6562.72,803.98,43.37,1358.39,0.635,18525.0,-2.8909
2026-09-03,945,1510,234,51,107,2624,36.9265,54.2259,19.3389,11.1914,15.5688,26.9257,0.4591,425,433,86,15,25,935,43.5244,60.9342,25.5864,9.4099,12.5709,22.093,0.4074,520,1077,148,36,82,1689,33.3525,50.5774,15.8796,1.7815,2.9979,4.8327,1.093,48.4167,0.6147,0,3,1,6579.48,790.21,42.42,1355.41,0.903,18675.0,-2.1896
2026-09-04,1735,719,235,53,81,2624,41.4025,58.1526,20.0988,18.9108,3.4511,24.8087,0.4155,551,309,84,15,16,935,46.4968,61.7834,25.5864,14.527,2.8532,17.736,0.3216,1184,410,151,38,65,1689,38.6429,56.1778,17.0602,4.3838,0.5978,7.0727,1.5524,53.1239,0.549,0,5,0,6687.21,813.5,39.33,1351.28,0.84,18820.0,-1.4679
2026-09-07,1290,1164,236,50,83,2624,43.2674,59.4989,20.8128,24.6558,3.5047,28.3397,0.455,479,381,84,14,20,935,49.1507,64.0127,26.7591,19.8632,1.9557,21.9533,0.3806,811,783,152,36,63,1689,40.0805,57.0439,17.5221,4.7926,1.549,6.3864,1.3868,55.0286,0.5569,0,9,0,6995.39,822.19,42.67,1343.5699,0.764,18860.0,-1.2873
2026-09-08,723,1742,225,50,102,2624,38.0828,55.1776,19.9317,15.525,17.7896,33.5313,0.5418,232,633,79,14,22,935,42.4628,58.5987,25.4797,12.001,13.6711,25.7041,0.4483,491,1109,146,36,80,1689,35.7102,53.3179,16.8632,3.524,4.1185,7.8272,1.7211,55.8833,0.4736,0,6,1,6954.52,811.88,47.34,1339.21,0.709,18835.0,-1.4791
2026-09-09,1401,1049,240,53,106,2624,43.4377,58.1465,20.7891,20.964,4.7696,30.3048,0.4829,464,399,81,15,22,935,46.2845,60.5096,26.9723,14.3162,3.7912,22.6325,0.3895,937,650,159,38,84,1689,41.8966,56.8627,17.3734,6.6479,0.9784,7.6723,1.6501,49.0531,0.3971,0,6,0,7051.64,830.37,49.23,1339.17,0.908,18975.0,-0.7897
2026-09-10,1230,1209,251,52,113,2624,46.9624,59.8805,21.0087,13.4327,25.6441,39.3999,0.6284,420,442,82,14,27,935,48.8323,62.3142,26.8657,6.4391,22.4453,29.0002,0.4999,810,767,169,38,86,1689,45.9506,58.5591,17.7752,6.9937,3.1988,10.3997,2.2192,49.1644,0.7258,1,6,0,7033.92,836.92,47.28,1348.17,0.787,18925.0,-1.0777
2026-09-11,961,1449,280,48,116,2624,44.4279,57.415,20.6674,7.7785,17.0625,26.0491,0.4233,369,475,100,14,28,935,45.1168,59.3418,25.9062,5.278,13.4106,19.7412,0.3467,592,974,180,34,88,1689,44.0551,56.3689,17.7752,2.5006,3.652,6.308,1.3725,46.4173,0.505,0,12,0,6909.91,820.64,46.28,1343.78,0.662,18875.0,-1.3685
2026-09-14,968,1516,206,55,123,2624,43.3681,56.1449,20.2047,6.2454,20.9468,27.3209,0.4615,317,547,80,16,30,935,42.569,57.3248,25.0533,3.2355,18.0093,21.3658,0.3905,651,969,126,39,93,1689,43.8002,55.5043,17.5294,3.0099,2.9375,5.9551,1.3271,52.4771,0.5126,0,10,0,6684.37,806.79,46.85,1345.61,0.562,18810.0,-1.7426
2026-09-15,1229,1272,189,48,110,2624,43.5171,56.4227,20.6518,18.1549,5.4299,23.6828,0.3973,355,528,61,13,28,935,39.0658,56.2633,24.4136,13.5176,3.5948,17.1772,0.3122,874,744,128,35,82,1689,45.9242,56.5092,18.5773,4.6373,1.8352,6.5056,1.4211,44.2487,0.4974,0,7,0,6627.26,812.41,45.63,1363.5699,0.636,18555.0,-3.1025
2026-09-16,938,1569,183,51,134,2624,40.5738,54.6303,20.0682,16.5377,6.5958,23.3734,0.3896,274,617,53,12,41,935,34.7134,53.6093,23.5106,11.9188,4.6584,16.7963,0.303,664,952,130,39,93,1689,43.7428,55.1843,18.1658,4.6189,1.9374,6.5771,1.4391,48.622,0.6288,0,4,1,6717.97,815.98,44.4,1376.6,0.473,18360.0,-4.1265
2026-09-17,1531,942,217,50,113,2625,45.4004,57.9164,21.1284,19.6876,3.3453,23.3472,0.3855,537,340,67,15,37,935,38.1104,55.5202,24.6809,14.6449,2.3359,17.2225,0.3079,994,602,150,35,76,1690,49.3402,59.2166,19.1652,5.0427,1.0094,6.1247,1.3246,48.4501,0.6237,0,2,1,6715.41,822.18,43.02,1379.53,0.663,18500.0,-3.3839
2026-09-18,1241,1242,207,49,112,2625,45.7185,58.1404,21.3177,27.2572,8.2859,35.6847,0.581,392,488,64,15,36,935,36.518,54.2463,24.0426,21.8468,6.1883,28.1112,0.4951,849,754,143,34,76,1690,50.6881,60.2535,19.8119,5.4104,2.0976,7.5735,1.6324,51.7934,0.5357,0,7,2,6894.23,827.12,43.56,1382.88,0.786,18540.0,-3.1752
2026-09-21,1015,1473,202,53,126,2625,42.7296,55.8626,21.2718,22.1077,5.5683,29.4181,0.4682,321,546,77,16,38,935,31.8856,50.5308,23.7234,17.1278,3.7126,20.951,0.3604,694,927,125,37,88,1690,48.596,58.7558,19.9177,4.9798,1.8557,8.4671,1.7969,55.6385,0.3897,0,2,0,7007.72,836.27,42.99,1373.6801,0.935,18440.0,-3.6818
2026-09-22,915,1560,216,49,140,2625,40.6471,54.5353,20.4012,16.8474,13.4074,30.4795,0.4859,337,532,75,16,43,935,31.0381,48.62,23.1915,13.5035,9.6522,23.353,0.4023,578,1028,141,33,97,1690,45.8453,57.7432,18.8602,3.3439,3.7552,7.1265,1.5197,52.1651,0.5061,0,1,2,7017.91,834.38,42.42,1350.36,0.799,18470.0,-3.5524
2026-09-23,1155,1321,215,56,133,2625,39.4942,52.8555,20.5905,22.0538,7.3791,30.7858,0.4854,318,550,76,16,49,935,28.178,46.603,22.6596,17.0939,5.5003,22.7161,0.3871,837,771,139,40,84,1690,45.616,56.2464,19.4477,4.9599,1.8788,8.0697,1.6998,55.5738,0.841,0,3,0,7080.92,844.48,42.98,1362.5,0.676,18305.0,-4.4198
2026-09-28,1390,1107,195,57,110,2625,43.1015,55.5431,20.5905,7.591,21.2016,28.9366,0.4708,541,334,69,16,27,935,32.839,49.3631,22.9787,4.8794,17.7887,22.7474,0.401,849,773,126,41,83,1690,48.6533,58.8946,19.2714,2.7116,3.4129,6.1892,1.3068,55.38,0.5188,0,7,2,6889.74,846.58,44.73,1359.5601,0.602,18500.0,-3.3995
2026-09-29,977,1526,189,60,135,2625,40.238,52.4076,21.3096,18.1253,7.2755,26.578,0.4291,296,585,63,14,43,935,29.7669,46.0722,23.2979,13.7247,5.4212,19.1971,0.336,681,941,126,46,92,1690,45.9026,55.8434,20.2115,4.4006,1.8543,7.3809,1.5372,51.7326,0.3696,0,4,9,6870.81,849.8,43.85,1350.5,0.745,18220.0,-4.8524
2026-09-30,1087,1398,209,50,142,2625,40.5727,52.5569,21.0745,8.7727,18.2885,28.0951,0.4577,373,498,73,13,42,935,30.5085,45.3291,22.9787,3.8404,16.3854,20.4151,0.3609,714,900,136,37,100,1690,46.0172,56.4767,20.0235,4.9323,1.9031,7.68,1.5927,54.1485,0.4845,0,3,2,6838.04,855.91,43.03,1356.84,0.614,18265.0,-4.6118
2026-10-01,1684,833,178,60,115,2626,47.936,56.0284,22.6636,21.7746,4.7107,27.162,0.4353,511,366,67,16,34,935,36.4407,46.8153,24.2553,14.6331,3.6156,18.3602,0.3201,1173,467,111,44,81,1691,54.1547,61.0248,21.7851,7.1416,1.095,8.8017,1.7501,45.4458,0.6076,0,1,0,6971.35,894.29,41.59,1360.59,0.865,18290.0,-4.4934
2026-10-02,1533,978,185,59,104,2626,51.9152,57.2975,23.9122,19.1495,5.5737,24.8732,0.3959,540,340,64,16,31,935,41.6314,48.8323,25.4255,13.1365,2.8408,16.0549,0.2779,993,638,121,43,73,1691,57.4785,61.8883,23.0769,6.013,2.733,8.8183,1.7451,41.6043,0.5694,0,5,2,7003.74,893.29,40.96,1346.73,0.734,18490.0,-3.4837
2026-10-06,1437,1056,203,69,96,2626,53.9405,58.4173,25.3404,16.4207,13.0071,29.5995,0.4725,428,447,69,16,33,935,40.9958,47.3461,26.1702,8.1607,11.8998,20.1434,0.3507,1009,609,134,53,63,1691,60.9393,64.4214,24.8826,8.26,1.1073,9.4561,1.8152,45.0537,0.44,0,3,1,6941.39,919.92,40.26,1339.74,0.61,18590.0,-2.9636
2026-10-07,814,1700,182,63,110,2626,50.8922,56.5299,24.0832,3.9275,24.4213,28.3777,0.4648,311,571,62,21,41,935,40.4661,45.8599,25.0,2.027,18.214,20.2631,0.3617,503,1129,120,42,69,1691,56.5292,62.313,23.5777,1.9005,6.2073,8.1146,1.6142,45.727,0.4019,0,4,0,6803.9,898.43,38.11,,0.796,18425.0,-3.8477
2026-10-08,1004,1518,174,64,125,2626,46.7658,52.6296,24.3008,8.0083,22.4644,30.64,0.512,291,599,54,17,47,935,36.1229,40.7643,25.0,2.8829,20.0033,23.0354,0.4202,713,919,120,47,78,1691,52.52,59.0569,23.9156,5.1254,2.461,7.6045,1.5162,48.5533,0.5009,0,15,0,6625.93,892.27,,1340.0,,18060.0,-5.7502
